X,Y,L
2.59,11.85,10.88
17.15,10.96,90.06
3.01,10.31,10.33
8.65,5.87,52.33
14.35,7.77,49.93
10.71,7.74,94.99
17.09,11.33,90.85
16.28,7.06,47.37
4.99,14.31,10.85
17.03,9.70,22.16
8.80,1.24,94.95
11.40,10.62,82.00
5.23,12.48,58.97
17.85,7.43,82.92
19.56,12.96,90.65
6.48,13.99,30.55
18.58,7.02,73.80
2.12,2.58,90.18
5.11,5.48,69.08
5.82,6.17,37.93
7.31,6.53,53.82
2.67,6.23,22.58
4.49,1.66,90.98
10.33,4.47,60.35
17.79,0.67,10.30
2.41,5.24,34.37
18.62,2.77,10.04
4.03,13.47,10.57
13.92,5.25,38.66
15.52,1.94,90.83
15.57,0.01,10.77
12.79,7.35,2.97
7.15,12.50,11.27
14.92,13.47,64.49
4.07,12.77,10.06
12.14,4.34,44.40
5.54,6.37,3.69
17.27,3.46,10.44
6.91,6.38,41.42
16.04,3.03,10.69
3.21,8.40,60.76
4.70,14.22,10.06
15.48,6.12,56.82
1.25,1.25,90.44
6.99,6.69,91.44
3.76,4.96,90.83
17.59,13.79,90.91
9.03,2.44,95.66
3.96,1.86,90.59
9.08,1.54,73.32
16.30,0.74,90.49
19.30,3.62,90.61
0.77,12.01,10.37
4.21,4.87,90.06
9.29,13.57,70.42
8.72,11.88,2.16
6.55,3.74,17.41
2.85,3.95,90.94
16.57,2.49,10.62
18.95,14.31,90.50
10.17,4.44,20.34
8.60,4.78,62.35
3.27,7.60,92.10
8.75,9.68,76.09
5.10,6.62,2.82
10.14,2.16,99.11
19.40,4.63,90.51
4.27,10.42,10.24
3.43,6.31,7.68
16.44,9.91,30.02
18.51,1.70,10.20
17.26,2.17,10.58
6.19,0.76,20.64
16.99,13.07,90.07
10.20,4.38,47.41
9.50,8.34,89.59
19.18,6.90,11.64
13.77,1.54,32.07
17.89,3.62,90.31
1.28,6.99,88.57
1.25,0.16,90.04
3.33,5.59,63.75
8.89,3.24,20.18
5.17,10.64,47.09
2.42,13.22,10.21
18.48,12.02,90.30
0.44,11.75,10.99
14.28,5.17,99.22
19.68,7.63,34.07
14.16,14.20,25.63
9.48,5.62,52.67
15.14,10.19,91.00
6.48,7.72,47.20
11.75,8.79,57.82
5.04,4.51,5.99
1.33,4.46,90.30
6.20,12.34,86.44
2.04,12.98,10.19
5.18,11.73,3.19
5.87,3.16,25.33
15.04,3.70,90.17
14.45,2.91,20.51
1.42,8.46,3.96
14.11,14.57,94.23
8.44,8.01,57.98
14.27,9.79,65.69
3.43,1.63,90.29
0.89,4.14,90.36
5.85,5.79,66.59
11.47,5.24,87.49
1.40,12.20,10.51
6.09,9.93,18.74
2.73,8.29,96.34
13.67,3.96,35.98
8.19,5.30,29.64
3.79,9.17,18.57
16.30,2.60,10.90
5.19,6.67,61.70
12.26,1.99,75.65
19.72,9.16,52.88
19.96,6.14,20.77
8.69,12.88,66.47
14.84,2.10,17.76
10.46,10.70,38.92
1.78,3.11,90.85
8.60,11.25,43.66
18.74,3.53,90.06
4.77,6.96,87.93
0.76,1.81,90.28
8.06,12.16,61.26
15.43,10.28,90.18
4.13,9.46,54.21
13.92,13.28,75.49
3.84,8.32,52.88
16.42,11.15,90.98
19.01,3.89,10.29
6.24,8.10,55.16
7.42,5.13,78.33
17.58,10.60,90.69
13.10,10.01,12.04
7.60,9.68,0.45
10.35,6.93,25.64
18.09,0.45,10.62
5.14,12.54,40.03
14.73,3.21,79.16
12.93,10.26,51.78
4.91,2.51,90.55
15.44,13.70,90.37
17.36,10.77,90.83
6.01,1.71,55.15
16.22,12.90,90.37
17.75,9.67,39.81
11.32,11.62,51.46
0.12,6.78,22.97
7.21,12.51,0.81
9.32,8.43,2.02
6.01,6.60,1.96
14.11,0.95,52.70
1.13,6.84,87.48
17.60,6.32,69.33
12.25,0.08,29.99
9.75,6.41,61.83
4.91,4.13,90.72
5.17,10.01,79.48
19.25,7.06,69.69
5.27,9.98,45.34
8.82,12.80,55.14
2.46,13.63,10.03
8.02,0.91,80.65
6.29,0.52,85.55
13.38,8.68,60.38
5.49,1.14,72.59
12.00,3.84,60.69
1.35,2.70,90.66
7.54,6.67,70.62
9.43,10.35,66.09
5.73,5.24,44.72
15.81,11.38,90.08
14.78,4.67,26.31
2.32,3.40,90.40
5.75,8.26,35.43
17.64,7.05,66.67
4.40,2.17,90.54
1.63,14.91,10.88
14.89,5.06,75.17
1.23,14.56,10.51
8.27,3.15,78.79
18.23,11.37,90.39
1.76,0.65,90.86
13.47,3.76,21.86
4.46,9.40,60.76
7.73,9.78,56.40
11.34,1.30,11.51
17.13,4.66,10.88
4.99,4.63,90.29
19.14,9.95,24.69
13.07,2.05,43.78
6.85,3.36,12.63
13.01,3.67,62.81
16.63,13.58,90.62
15.46,9.76,2.06
6.52,13.68,78.58
13.67,7.90,8.66
18.84,2.42,90.45
4.69,2.86,90.01
16.35,0.87,90.19
0.89,2.05,90.07
6.69,8.77,89.12
16.79,11.76,90.88
2.56,12.97,10.92
15.43,8.83,59.59
15.91,3.74,10.64
18.26,10.73,90.45
14.77,8.13,61.86
12.24,14.55,87.67
17.98,2.69,90.80
11.72,8.65,95.46
12.96,5.99,30.83
12.83,7.72,70.35
18.26,8.42,50.90
1.92,4.88,90.17
0.99,11.61,10.14
1.64,11.71,10.81
2.58,0.59,90.43
8.20,9.62,24.27
0.01,7.67,22.47
2.98,4.60,90.77
10.65,5.22,98.24
7.13,12.41,9.68
12.15,8.32,23.43
10.00,5.70,48.45
7.19,5.84,59.94
3.40,4.37,90.01
14.53,7.17,5.29
19.74,3.29,90.63
13.14,3.13,52.28
6.09,9.69,55.70
3.61,0.54,90.16
6.10,2.77,70.79
15.77,8.35,21.28
7.52,8.25,8.76
0.42,14.52,10.78
18.68,1.83,90.81
10.94,14.17,82.88
14.81,11.60,61.85
6.79,12.51,34.57
2.26,7.98,37.25
6.65,7.60,44.90
3.56,0.29,90.40
1.54,1.71,90.90
6.25,2.47,41.65
5.79,10.99,0.75
8.72,4.03,72.29
12.97,2.67,82.05
18.07,8.55,16.14
8.33,8.49,62.36
10.71,4.00,49.72
15.01,8.69,23.64
15.27,1.09,10.90
3.31,4.87,90.27
6.58,7.51,42.09
5.75,8.56,58.53
18.89,7.85,52.71
2.66,3.23,90.41
6.14,4.92,63.91
9.88,0.02,99.31
12.29,1.17,98.81
19.67,14.30,90.67
12.29,8.44,64.78
15.29,10.08,90.38
2.04,6.77,81.38
13.52,6.06,65.06
12.09,14.71,78.07
8.53,4.38,21.22
2.73,3.44,90.33
19.89,3.20,10.56
3.11,2.83,90.18
1.36,13.92,10.57
8.29,3.71,54.90
7.84,12.56,69.21
12.73,8.92,14.81
10.89,7.72,41.03
15.12,5.83,3.48
3.84,0.02,90.39
5.33,0.15,74.69
10.96,4.65,55.98
0.27,10.21,10.98
15.70,14.40,90.66
12.71,5.02,50.54
6.28,14.47,77.73
5.13,13.76,81.95
4.17,6.45,99.93
8.35,11.50,42.26
15.98,10.81,90.36
10.43,4.93,28.32
11.53,2.79,31.91
6.20,4.10,41.14
6.02,14.02,67.99
9.96,4.67,11.97
11.02,14.65,75.67
9.81,8.95,26.59
3.78,8.00,44.50
6.80,11.56,56.29
0.33,0.46,90.62
9.06,12.55,55.51
8.85,13.15,34.63
6.10,9.55,62.96
10.40,13.13,19.56
15.11,14.95,90.95
12.92,10.37,93.20
2.63,4.30,90.86
5.09,11.77,91.22
16.44,12.49,90.99
3.04,11.84,10.73
12.55,3.02,78.02
7.58,7.55,67.10
17.60,8.35,1.13
4.88,13.31,10.52
9.28,14.90,57.30
16.88,1.31,90.57
17.91,10.51,90.54
10.17,2.32,24.00
10.89,3.68,93.44
0.24,9.86,95.20
7.27,12.44,34.48
18.58,10.70,90.83
16.89,2.42,90.24
14.68,12.51,27.69
15.79,2.20,90.64
13.99,12.62,32.13
4.31,13.79,10.25
9.25,5.81,7.13
1.56,1.37,90.13
5.91,4.76,29.39
10.02,4.26,30.42
9.57,11.23,78.54
19.47,0.17,90.60
18.03,1.97,90.82
9.23,5.93,25.59
1.66,2.80,90.50
13.91,3.65,81.78
8.34,8.74,91.85
11.68,13.84,19.88
9.46,5.15,8.99
14.38,8.16,16.90
0.42,12.25,10.53
0.02,4.95,90.32
17.00,3.20,10.06
11.84,12.38,80.17
3.57,0.30,90.15
9.51,8.51,75.92
10.77,7.52,17.11
10.62,10.29,27.38
6.95,6.52,35.12
0.63,0.98,90.67
14.48,6.38,97.80
11.37,13.13,61.91
15.78,6.33,49.76
18.84,0.56,90.44
15.30,1.30,90.82
14.27,6.37,9.22
11.04,12.46,82.97
16.51,9.31,56.36
3.15,11.43,10.46
2.42,14.83,10.77
10.77,1.50,63.89
13.87,11.64,40.44
1.33,1.68,90.64
16.89,3.58,90.13
10.27,12.81,19.25
8.88,8.16,16.00
14.66,12.67,57.51
16.05,6.57,25.46
16.10,2.10,10.34
0.89,7.94,96.50
9.60,13.02,54.31
11.33,14.64,33.40
10.80,4.58,37.83
3.78,3.90,90.20
9.57,7.09,26.80
8.10,11.64,80.55
19.59,13.77,90.37
14.55,2.59,62.35
18.95,8.21,8.75
18.99,1.80,10.58
11.30,1.02,2.76
8.88,6.27,62.14
15.48,4.77,10.83
6.26,13.77,79.83
11.08,6.81,25.20
14.61,8.33,77.25
2.94,12.92,10.82
7.54,9.79,57.32
16.86,10.21,90.19
18.50,2.89,90.93
4.88,13.14,10.62
12.76,13.22,77.09
15.48,3.93,10.55
6.08,13.46,0.52
3.95,8.30,28.64
13.12,10.71,22.37
10.02,9.92,95.14
10.07,1.07,88.05
4.46,4.72,90.49
19.27,6.11,92.27
12.50,2.17,1.60
8.69,12.33,65.38
16.61,14.97,90.83
4.35,0.22,90.38
0.10,4.89,90.09
14.81,12.34,54.95
9.66,8.65,34.19
17.94,9.50,24.40
8.83,4.69,53.38
15.10,12.44,90.05
15.17,6.08,98.42
2.20,12.80,10.21
19.96,5.09,40.93
1.79,8.93,74.37
7.81,4.84,65.08
7.89,6.87,17.78
6.73,1.69,10.12
6.00,2.61,11.96
7.06,6.30,89.44
8.15,4.50,26.33
11.74,9.88,92.50
17.11,10.44,90.81
1.41,4.58,90.68
8.23,0.33,83.87
1.87,6.58,32.43
13.94,12.71,94.57
15.83,12.07,90.43
15.40,2.87,90.09
3.52,4.97,90.49
18.73,2.59,90.14
5.21,5.92,39.42
9.18,0.75,28.97
9.14,10.99,85.74
8.50,0.65,33.26
2.62,8.58,37.93
4.57,14.83,10.83
3.60,13.14,10.33
1.09,6.43,52.05
10.90,12.74,9.36
16.31,10.12,90.60
1.70,5.49,57.10
4.97,14.93,10.23
19.50,12.77,90.21
17.64,12.27,90.21
0.06,5.31,78.06
14.35,8.31,52.84
13.62,5.67,70.87
3.97,9.36,7.98
6.59,14.94,76.54
15.30,11.71,90.47
2.53,14.04,10.47
10.74,3.89,36.88
2.87,9.97,1.40
9.41,2.19,89.26
9.01,8.71,4.39
19.21,14.61,90.88
7.68,2.23,64.59
14.10,11.37,47.40
13.12,5.96,57.36
14.73,4.83,31.56
1.90,11.83,10.28
19.44,2.94,90.04
0.25,4.58,90.58
17.31,10.49,90.00
3.45,5.06,13.09
11.05,2.64,76.33
8.46,9.47,24.33
5.78,6.15,8.87
9.33,2.25,28.10
15.03,10.48,90.45
14.79,7.38,35.30
11.36,13.45,76.45
3.71,7.97,74.57
17.69,11.62,90.19
14.42,6.04,63.99
4.28,3.56,90.38
3.51,13.43,10.54
13.62,7.47,34.08
10.21,6.34,80.08
4.41,9.60,11.57
19.54,1.63,10.44
5.73,13.98,23.08
9.84,11.36,97.84
7.72,12.54,0.25
12.19,4.81,39.99
2.45,13.88,10.90
16.18,0.11,10.18
1.48,3.81,90.87
8.41,4.67,78.31
13.85,12.78,95.58
14.94,14.41,75.85
0.84,1.76,90.70
0.37,12.97,10.66
0.82,0.97,90.01
10.38,4.45,96.66
2.00,8.61,68.81
10.34,14.97,12.27
3.71,2.43,90.21
4.70,1.77,90.93
19.62,9.33,6.49
18.45,10.77,90.50
11.82,9.57,17.01
19.36,6.71,53.12
14.10,9.67,13.93
8.42,12.76,32.82
9.52,8.67,18.32
19.20,7.88,70.66
9.02,12.28,35.64
8.24,12.12,79.32
17.50,5.83,31.84
17.01,5.12,52.65
8.68,1.57,57.31
10.16,0.10,10.34
17.15,9.95,0.25
11.00,0.46,86.38
7.49,3.55,30.44
17.91,10.47,90.64
11.12,0.46,33.94
10.48,11.22,84.04
2.61,11.35,10.70
8.25,13.83,69.23
12.26,13.18,51.81
14.94,8.07,73.93
18.80,6.99,74.18
6.61,12.29,71.84
17.21,7.72,39.42
18.28,6.45,71.86
18.53,9.55,54.87
13.08,8.49,34.66
17.83,12.88,90.72
19.97,2.98,90.37
17.97,3.10,90.47
11.29,0.83,78.84
3.93,1.38,90.30
8.25,1.90,84.56
1.73,11.49,10.82
5.30,4.20,31.36
10.52,5.44,76.63
7.23,6.14,57.22
8.11,8.24,68.55
12.22,3.85,25.36
1.97,14.74,10.24
7.36,0.13,67.68
7.76,9.77,52.96
8.94,0.24,46.08
16.95,5.84,87.30
2.72,5.09,0.91
16.58,8.61,92.57
15.35,4.24,10.64
5.94,7.54,68.81
18.15,13.77,90.12
19.49,11.25,91.00
2.76,11.19,10.55
8.60,0.64,66.13
15.90,5.30,22.68
7.34,14.55,74.06
18.23,4.40,10.27
14.27,0.59,33.93
2.70,6.74,67.84
10.76,14.95,47.04
8.69,7.19,43.98
13.89,7.38,54.38
18.21,6.71,43.00
8.23,3.80,26.72
2.62,14.34,10.39
14.41,13.08,94.04
3.88,14.13,10.42
14.39,6.86,19.76
16.21,8.45,12.76
6.15,0.89,28.97
16.40,10.25,90.58
5.45,12.92,11.17
10.55,0.52,73.19
12.19,11.82,60.13
16.05,4.02,10.49
16.49,0.43,10.77
12.08,12.11,87.53
1.70,10.20,10.96
4.24,8.68,86.51
8.41,12.10,24.82
3.07,11.16,10.55
12.37,11.03,12.19
18.63,2.79,90.16
15.25,4.89,90.95
1.85,13.56,10.44
9.50,13.93,34.27
2.70,14.30,10.78
9.96,14.26,40.46
1.02,7.74,94.35
7.10,4.45,37.86
12.12,5.60,40.47
3.77,0.09,90.53
9.00,3.43,90.42
18.95,1.63,10.76
12.66,11.49,4.08
5.26,14.78,37.83
10.31,11.37,10.55
9.77,13.89,70.82
10.80,13.60,57.82
10.93,7.83,63.69
5.55,10.23,90.19
7.37,11.75,17.76
18.74,5.04,57.13
4.89,1.50,90.14
4.39,12.46,10.08
8.62,7.06,6.88
11.76,6.52,82.38
1.97,10.37,10.92
13.03,2.82,1.00
11.44,12.40,41.28
17.90,3.20,90.15
13.72,12.84,17.86
18.41,1.82,10.46
3.61,6.30,12.61
9.62,8.54,49.01
4.76,13.05,10.89
12.64,2.59,94.62
14.57,7.68,71.76
6.70,4.62,0.91
12.92,5.38,3.19
1.53,3.41,90.29
15.05,8.12,28.54
15.28,8.25,62.82
11.75,8.92,11.04
6.40,5.41,71.95
8.57,7.50,34.32
10.44,0.45,62.19
11.62,8.06,75.67
10.48,5.54,77.81
11.16,9.51,20.48
4.81,4.82,90.76
13.98,14.82,52.15
15.68,14.30,90.44
8.45,5.28,41.27
12.84,0.79,55.48
1.03,4.99,90.08
9.68,8.14,26.24
5.24,5.94,10.83
2.86,4.59,90.98
1.63,10.54,10.71
5.34,0.26,28.39
11.22,8.67,69.19
12.29,7.80,24.27
11.80,14.96,47.27
13.99,13.12,48.68
12.69,0.03,29.08
19.78,13.53,90.78
16.58,5.36,75.90
6.83,0.85,2.72
10.31,8.67,42.80
8.34,13.94,27.62
15.58,5.26,93.80
14.56,5.14,10.41
10.13,9.57,15.10
2.29,8.33,37.22
3.20,4.64,90.90
0.13,3.82,90.21
14.98,14.10,63.09
6.49,10.88,65.76
7.91,5.34,40.58
0.25,11.99,10.69
4.71,11.11,10.75
5.80,1.93,43.35
6.48,10.52,80.25
7.79,10.55,84.26
13.95,5.96,62.90
0.22,0.42,90.63
16.52,6.30,25.42
8.22,8.31,39.37
13.75,14.77,26.71
14.08,10.82,93.84
9.28,5.45,5.89
0.85,8.74,19.53
6.67,2.60,81.78
6.36,9.64,88.52
16.08,7.66,96.55
15.50,1.59,90.69
2.92,14.75,10.24
5.21,8.10,58.65
12.64,0.38,33.74
19.91,10.61,90.16
13.57,1.58,1.17
6.18,12.99,91.51
7.25,8.53,58.49
3.59,7.66,88.95
2.22,14.45,10.54
2.11,7.05,16.52
15.40,14.71,90.90
7.26,4.64,51.01
17.73,8.50,76.01
17.73,13.62,90.45
5.03,2.20,29.52
2.41,6.06,87.77
13.76,1.86,29.26
15.15,3.70,10.70
13.38,4.73,48.79
5.80,0.22,20.56
18.79,12.80,90.47
15.55,0.41,90.16
10.86,7.42,66.62
1.93,3.10,90.21
8.74,11.13,11.39
15.22,1.07,90.96
16.08,0.61,10.91
12.51,10.25,49.62
7.44,8.71,35.23
19.47,3.39,90.20
5.63,14.50,47.23
14.96,8.65,14.78
1.29,0.76,90.25
6.27,0.37,25.81
16.37,6.62,49.65
14.19,10.80,33.31
7.64,2.90,91.23
14.51,1.79,82.17
8.17,10.15,94.65
3.76,14.14,10.76
11.30,12.57,14.31
4.63,0.25,90.62
3.47,5.87,58.91
0.71,12.71,10.98
19.29,11.55,90.88
8.24,13.75,74.67
4.76,3.99,90.08
8.89,1.45,76.16
19.28,2.83,90.71
1.78,12.54,10.63
7.05,6.82,76.61
16.95,6.14,61.01
14.92,9.77,28.51
9.87,9.08,11.62
3.95,9.60,48.05
16.67,6.13,85.16
18.63,14.49,90.74
4.22,10.70,10.67
8.90,6.63,53.80
5.40,0.63,84.30
3.79,1.35,90.39
5.53,8.00,93.18
9.61,7.89,35.23
5.96,2.39,66.00
16.40,14.92,90.58
15.80,5.28,23.65
1.96,8.32,87.68
2.10,12.94,10.40
14.72,8.54,57.80
17.66,5.48,65.83
7.51,8.25,1.56
12.09,2.01,79.80
16.03,4.55,90.59
2.86,2.75,90.52
11.67,13.64,28.30
11.47,1.29,92.34
19.20,10.67,90.53
13.39,13.05,72.79
6.79,8.31,19.46
17.96,13.64,90.51
5.98,7.93,52.00
16.30,8.75,56.77
14.45,6.55,76.33
12.32,12.36,73.76
18.05,9.21,79.74
12.95,7.70,86.50
8.00,12.83,58.82
17.11,10.38,90.42
2.32,1.91,90.22
7.29,9.29,17.19
17.72,7.34,96.67
12.39,3.97,24.28
5.73,5.21,94.71
17.35,13.64,90.72
17.41,12.30,90.18
0.77,7.82,16.99
11.03,1.49,3.84
8.24,1.88,80.96
10.93,4.47,19.98
19.43,7.55,64.48
18.06,8.96,77.49
17.19,6.08,82.70
18.12,3.66,10.79
5.86,9.48,30.90
10.98,14.87,99.26
8.60,1.74,76.75
5.15,13.87,12.59
14.04,2.30,40.99
19.38,7.49,39.07
6.17,12.78,10.32
14.22,13.96,45.46
4.16,8.07,85.19
2.93,3.30,90.04
9.51,12.72,55.06
8.31,3.11,27.06
7.88,5.32,21.26
7.19,14.04,87.71
8.56,10.99,12.16
6.05,11.45,0.98
2.48,14.12,10.61
4.82,8.89,90.90
18.48,10.88,90.70
10.73,0.89,15.21
7.95,14.26,82.10
15.17,0.18,10.36
17.45,2.83,90.91
6.82,9.27,38.66
9.10,9.59,42.49
16.18,5.37,61.72
7.83,11.80,26.78
13.17,11.57,56.35
5.31,2.55,61.42
13.83,8.67,99.49
9.89,14.43,77.29
0.81,12.43,10.67
11.68,6.15,38.81
15.82,2.24,90.44
0.36,6.39,26.27
9.79,9.88,82.88
3.56,6.89,30.18
9.88,11.86,59.11
2.54,6.87,89.60
10.67,3.85,45.90
15.83,11.55,90.14
7.80,11.63,91.25
0.63,7.30,70.96
16.59,0.15,90.71
9.78,11.85,94.15
16.89,3.18,10.43
5.71,2.81,41.43
16.14,13.13,90.53
3.75,7.20,98.96
16.35,7.16,45.20
19.88,7.55,78.58
4.16,8.78,58.13
6.20,2.71,26.10
12.40,6.93,50.22
2.42,7.17,10.16
10.84,11.31,66.68
16.66,10.75,90.80
18.10,2.41,90.92
8.40,3.90,62.18
2.54,14.85,10.19
19.64,1.38,10.61
13.81,3.50,72.06
6.86,7.77,96.39
0.55,12.81,10.52
12.45,9.87,30.11
19.25,1.24,10.84
6.26,7.65,58.37
18.69,5.07,73.75
4.34,10.36,10.05
8.97,14.96,81.33
9.90,5.14,69.82
17.31,0.42,90.36
13.48,10.60,48.28
9.11,10.28,48.64
18.46,10.95,90.43
15.62,5.12,63.02
9.78,1.87,3.89
12.44,6.93,1.98
6.85,12.30,58.93
8.43,0.22,37.91
6.93,6.25,98.80
6.33,5.37,89.16
16.21,11.50,90.06
4.21,2.93,90.41
5.09,12.60,89.68
10.55,9.23,86.55
12.76,7.39,20.84
1.58,1.97,90.93
12.09,10.86,14.53
9.88,14.47,5.68
4.63,4.56,90.04
8.58,4.55,84.17
16.20,6.58,0.16
13.07,10.89,22.69
0.99,3.76,90.33
0.57,6.78,34.76
19.11,9.37,82.85
18.18,3.13,90.04
15.19,5.41,66.91
8.97,4.61,99.28
8.58,10.68,53.26
13.95,8.59,68.04
8.88,8.90,42.45
1.67,6.25,97.96
10.63,14.79,68.80
12.05,12.30,95.84
19.36,5.63,23.80
11.66,9.56,59.43
6.52,3.76,1.77
17.73,14.59,90.02
10.27,1.04,31.03
13.60,8.02,96.95
6.00,7.05,97.05
4.63,5.16,29.41
5.95,14.87,91.16
5.11,6.11,52.68
7.51,5.89,68.82
8.74,4.10,45.79
9.12,12.73,18.49
0.08,4.34,90.68
18.13,10.81,90.92
16.15,2.12,10.76
10.99,11.19,6.05
3.58,7.50,17.95
18.93,4.46,10.76
7.99,3.22,74.09
2.05,3.99,90.84
1.36,4.12,90.83
13.62,4.68,46.80
17.62,5.66,50.36
4.54,9.16,38.19
4.37,13.00,10.65
17.59,1.42,10.27
1.73,8.16,25.46
14.26,12.13,20.06
14.05,12.39,19.32
1.81,9.70,53.49
19.30,0.78,90.13
1.81,8.72,61.01
19.77,1.61,10.10
19.15,0.42,90.95
16.65,7.80,31.85
13.32,0.82,75.39
17.67,7.02,79.64
7.68,14.96,59.39
14.28,0.00,24.82
16.10,5.04,29.32
4.26,8.71,47.31
5.96,7.74,15.52
9.73,5.42,7.23
14.20,11.13,58.72
18.27,7.84,40.46
1.64,8.86,13.70
15.76,3.05,90.43
17.70,14.60,90.55
4.67,11.73,10.52
12.33,7.39,54.89
14.54,7.03,58.60
18.39,12.85,90.36
6.49,11.51,64.79
4.56,9.07,94.84
13.10,4.54,77.86
4.65,0.64,90.55
16.87,0.30,10.31
3.64,7.85,10.70
7.61,12.79,96.30
0.14,4.28,90.50
16.07,11.42,90.63
18.91,10.03,90.34
11.27,6.86,39.43
13.52,14.67,54.29
14.30,0.93,20.65
8.73,13.17,68.48
16.97,9.38,67.37
12.80,1.64,45.96
8.49,4.30,21.34
15.92,14.64,90.58
18.23,8.28,63.07
6.94,8.81,47.40
15.18,12.10,90.72
8.35,12.69,59.48
8.02,11.59,88.36
19.65,12.68,90.52
5.43,9.22,29.36
11.67,3.59,73.25
3.30,0.76,90.10
19.85,2.92,90.39
2.16,12.13,10.37
6.50,3.45,12.34
9.41,7.84,14.60
17.95,9.86,69.51
5.84,0.18,82.71
12.32,2.44,36.74
9.33,5.09,21.06
17.72,0.98,10.06
6.50,13.81,55.25
17.38,14.42,90.40
9.15,7.27,73.50
11.40,3.64,22.07
11.71,1.71,63.12
14.40,4.05,68.91
6.58,12.91,81.33
7.93,3.64,56.68
5.48,5.23,54.23
6.65,6.41,72.81
18.47,12.88,90.71
8.64,2.36,44.13
16.18,9.28,51.36
16.26,12.72,90.67
19.90,8.86,77.35
9.96,11.70,71.78
10.29,8.03,55.58
7.05,2.93,48.12
12.70,6.40,65.91
7.36,7.06,17.21
3.48,3.37,90.50
1.31,9.14,60.04
6.09,0.18,9.00
0.35,2.53,90.52
19.50,12.82,90.73
8.94,3.80,44.42
0.41,7.11,84.55
2.17,9.49,83.27
19.92,1.64,10.34
13.17,9.94,89.16
3.23,2.00,90.28
18.37,5.00,10.98
14.89,7.76,83.46
17.66,1.61,90.79
15.04,7.60,57.75
12.06,10.50,49.78
8.86,3.46,92.74
8.11,10.59,80.75
12.23,3.24,17.72
3.09,1.04,90.01
4.25,2.20,90.67
0.90,6.37,22.15
18.03,14.79,90.78
18.89,12.97,90.85
8.97,10.32,57.06
18.20,14.94,90.16
15.99,5.66,47.88
6.04,12.66,96.00
5.28,6.86,41.28
2.76,8.90,47.79
11.54,12.94,24.88
2.62,7.00,29.28
16.45,13.05,90.39
0.57,10.97,10.55
15.53,8.14,84.59
19.94,4.08,10.16
8.75,7.92,70.24
13.68,6.57,82.30
0.74,13.24,10.69
13.71,8.59,64.05
16.73,6.08,85.76
6.51,0.12,55.79
4.21,1.79,90.64
14.43,3.14,58.04
7.21,14.34,63.05
5.19,9.20,45.99
7.51,11.72,88.64
19.13,7.08,34.55
6.73,12.63,25.28
15.69,11.95,90.31
6.69,4.01,6.88
7.69,14.74,48.26
3.93,10.97,10.36
17.79,11.06,90.59
11.19,13.52,51.60
6.19,8.55,33.28
2.32,1.24,90.45
12.02,12.08,29.78
4.05,2.40,90.05
18.61,13.95,90.10
4.38,10.11,10.84
8.14,2.74,77.31
8.92,10.75,78.51
4.61,0.80,90.67
19.92,3.66,10.28
16.38,11.41,90.72
1.13,11.80,10.52
9.10,5.26,75.75
16.24,1.27,10.39
16.87,7.63,43.74
15.20,0.09,90.36
13.48,9.62,33.95
16.56,13.78,90.37
17.54,12.69,90.30
13.05,11.77,35.46
11.97,5.58,13.53
11.23,5.01,19.61
8.30,6.06,57.65
16.48,12.29,90.99
4.72,10.57,10.30
3.85,4.67,90.97
14.78,3.06,74.00
6.24,3.83,0.76
8.58,8.84,3.03
6.80,1.43,9.07
18.59,6.51,18.91
0.21,1.50,90.48
19.32,8.71,48.12
12.41,1.91,28.01
10.07,9.77,61.43
6.21,10.37,56.09
14.04,7.00,0.47
13.78,9.68,72.53
15.36,6.58,80.14
17.20,8.67,21.00
11.39,5.17,69.67
16.31,4.04,10.95
1.50,5.80,64.43
16.66,7.19,2.32
19.56,10.92,90.03
12.18,9.01,8.42
11.32,14.14,38.61
13.18,4.95,74.33
14.76,1.37,52.18
2.53,1.94,90.15
4.93,4.90,90.23
10.34,5.06,85.51
7.76,0.75,52.96
16.59,4.79,90.55
11.48,1.37,63.66
1.85,10.57,10.00
9.25,9.02,53.50
1.01,2.82,90.92
14.29,7.91,1.74
19.49,11.94,90.13
4.18,12.46,10.63
5.04,12.63,38.57
12.97,4.80,32.23
1.72,10.49,10.55
17.16,3.83,10.87
9.73,0.34,42.88
0.27,3.39,90.57
7.09,5.01,38.68
15.02,6.75,39.67
16.29,9.27,5.31
7.38,5.28,63.52
4.66,10.24,10.22
8.78,5.09,35.10
9.51,13.07,86.73
2.46,9.01,58.05
5.04,13.76,62.54
17.40,4.40,90.97
2.40,11.43,10.09
5.96,9.17,51.31
1.01,5.37,99.81
13.56,1.46,48.89
2.01,9.79,22.18
8.62,6.07,64.92
16.57,10.46,90.25
6.87,0.55,54.63
7.27,9.00,52.93
4.69,6.20,67.25
3.28,7.62,35.41
9.80,13.40,15.35
9.52,4.46,70.22
9.36,1.91,39.06
2.24,11.77,10.67
6.54,0.81,7.73
1.65,8.90,95.01
15.00,10.27,75.46
1.09,14.67,10.93
16.10,2.67,90.81
16.58,14.67,90.63
11.41,9.43,74.57
13.20,4.62,73.94
12.70,13.81,13.95
7.92,5.96,58.00
16.33,4.66,90.72
7.03,11.55,36.59
8.06,6.06,0.93
17.98,13.94,90.76
16.53,10.21,90.84
6.20,11.88,40.46
5.29,11.60,46.49
12.13,2.87,70.45
4.49,13.37,10.35
2.92,4.75,90.13
15.71,1.03,90.21
3.01,2.55,90.23
16.74,10.47,90.32
15.31,10.24,90.21
14.26,12.26,45.91
7.93,4.26,44.19
14.39,7.96,6.51
18.51,5.38,29.65
5.26,10.70,81.76
15.65,3.26,10.42
2.00,11.23,10.84
16.26,1.99,10.88
10.06,4.39,13.82
4.88,11.85,10.89
3.96,2.14,90.48
0.85,0.06,90.64
12.36,9.11,48.45
7.01,0.15,51.13
5.33,13.65,86.36
5.98,2.95,37.32
14.00,3.78,8.05
11.84,13.67,27.99
19.45,5.82,2.97
8.32,12.48,32.08
0.30,4.41,90.20
0.49,2.30,90.27
19.17,11.50,90.49
6.11,10.10,59.83
6.06,4.52,17.01
18.61,5.92,82.17
7.06,14.34,74.54
12.40,3.35,12.01
5.95,8.21,62.37
1.86,1.02,90.33
12.08,7.59,50.94
12.99,10.61,51.09
8.26,3.31,98.83
12.76,3.72,72.26
4.62,9.69,54.03
11.91,6.53,72.23
5.88,9.56,54.82
5.99,1.19,10.63
5.32,10.19,90.37
14.12,10.52,83.26
16.49,8.18,56.49
10.73,5.99,26.41
18.27,9.45,29.03
3.07,3.95,90.72
8.87,9.53,33.55
2.41,11.82,10.54
11.23,14.58,46.59
14.01,1.01,43.99
5.14,7.43,16.10
10.56,4.13,75.20
10.48,8.45,96.42
8.31,6.88,29.48
8.34,9.83,32.50
9.53,5.71,65.70
1.09,7.80,21.91
14.15,4.03,56.76
9.10,6.83,1.51
3.36,9.56,22.98
1.05,6.72,68.53
13.92,9.91,80.53
8.86,3.52,28.86
8.19,12.72,16.17
17.65,5.28,32.81
2.06,8.23,94.73
18.56,5.40,25.65
12.30,13.52,3.67
2.71,0.08,90.79
17.32,14.57,90.93
10.97,3.62,87.14
12.03,0.35,75.82
12.82,0.22,14.00
1.82,5.46,16.67
3.60,7.32,79.87
6.14,13.21,92.11
2.04,4.43,90.00
14.51,5.54,94.63
7.80,2.36,53.11
0.56,11.97,10.09
13.07,12.77,22.96
17.19,1.70,90.28
5.33,10.42,97.10
11.46,3.90,93.38
0.29,9.67,43.72
12.48,10.47,14.22
1.78,14.73,10.33
5.75,6.86,12.37
15.09,4.18,10.49
15.53,1.81,90.47
1.98,12.02,10.39
0.45,1.57,90.63
17.97,9.51,26.58
14.36,14.72,11.10
6.53,3.79,71.37
9.63,4.84,11.72
1.28,9.88,81.46
4.07,11.89,10.78
5.59,14.72,41.71
9.60,5.92,50.03
6.20,1.21,22.98
8.76,14.08,94.08
15.65,10.45,90.94
14.32,13.62,73.65
11.78,11.91,56.44
3.37,6.20,62.01
6.60,14.39,89.77
12.38,7.68,98.93
15.18,9.33,6.88
14.42,0.56,0.15
14.05,3.22,82.07
8.55,8.95,77.84
19.50,1.22,10.86
4.35,1.11,90.47
7.07,7.11,39.07
7.53,2.25,40.23
9.07,4.59,15.45
0.34,7.61,22.36
8.61,13.38,67.17
0.49,10.40,10.70
0.41,4.34,90.01
7.38,14.52,46.51
6.16,12.55,75.85
5.63,9.66,3.56
7.69,5.00,13.14
16.64,8.41,86.00
0.29,0.52,90.77
16.44,1.80,10.21
0.52,13.27,10.43
9.93,1.66,64.31
5.37,9.74,16.68
2.88,3.88,90.07
12.33,7.82,48.78
17.26,0.99,10.83
18.18,2.90,10.55
11.74,12.21,56.14
13.58,2.80,22.44
14.68,7.19,20.38
12.59,2.59,66.92
5.01,13.26,20.11
18.25,13.88,90.86
12.48,14.53,13.21
1.61,12.81,10.65
14.54,8.65,51.20
13.71,12.88,46.59
9.81,8.98,72.47
14.34,7.20,17.69
18.87,9.96,59.71
8.09,6.27,54.91
6.01,11.30,26.32
6.30,7.36,61.42
13.21,8.11,65.91
2.75,1.54,90.89
10.22,12.98,57.95
3.17,13.38,10.92
11.20,1.85,75.43
17.70,12.99,90.53
15.37,13.18,90.64
12.79,0.87,3.20
12.99,14.23,34.62
15.39,7.11,6.98
19.76,6.34,71.07
10.54,4.20,92.20
2.16,6.89,50.73
7.22,8.83,61.02
4.01,5.77,53.77
17.41,13.27,90.69
0.65,5.83,91.32
11.84,2.53,81.20
15.35,10.08,90.76
10.41,3.67,11.54
17.88,8.21,14.27
2.24,14.64,10.26
19.86,0.86,10.36
16.66,9.77,2.61
17.34,10.75,90.55
0.09,3.34,90.44
13.79,1.21,88.42
11.82,0.06,89.67
17.31,4.88,90.84
18.60,8.57,87.49
18.35,2.74,90.55
11.42,1.20,44.53
6.92,0.90,46.00
2.17,3.98,90.87
3.57,0.10,90.27
0.41,12.67,10.87
3.78,13.33,10.92
8.03,9.50,76.32
8.95,13.55,88.54
15.29,8.63,88.26
17.71,8.99,12.01
14.97,1.26,24.33
12.18,10.63,41.91
19.06,10.89,90.77
13.31,12.09,93.10
9.42,5.43,64.03
18.03,11.47,90.43
1.88,13.72,10.43
1.95,11.67,10.80
17.17,9.65,45.91
10.65,1.35,98.48
1.95,9.07,72.26
10.52,4.29,95.66
18.82,8.39,42.45
15.84,8.76,73.05
12.67,3.47,86.29
11.20,6.70,66.41
16.77,3.33,10.89
19.46,13.66,90.97
12.27,7.89,96.11
19.56,11.19,90.61
16.09,14.45,90.76
18.48,6.47,32.93
16.67,10.50,90.06
1.85,8.84,69.11
5.76,2.65,64.06
4.69,14.28,10.08
3.49,6.12,69.75
18.72,6.39,90.40
19.92,11.32,90.42
2.92,2.24,90.12
2.18,10.18,10.74
10.20,1.80,19.42
1.03,11.04,10.80
5.52,5.49,59.77
10.23,3.25,47.15
5.15,14.05,63.50
10.56,1.02,50.09
1.23,7.42,23.15
12.86,7.51,10.42
1.12,5.52,26.80
19.87,1.16,10.87
7.64,0.28,19.80
5.93,14.44,69.04
3.25,14.51,10.26
9.44,2.49,96.24
19.55,11.46,90.05
11.51,13.84,88.10
13.36,12.60,96.59
7.97,11.92,44.24
1.78,7.02,13.73
9.75,5.70,17.90
15.37,0.42,90.60
8.58,2.62,40.71
2.56,9.77,28.67
19.95,5.60,17.32
15.26,4.98,10.93
5.00,0.71,90.66
11.13,11.04,12.50
4.75,9.89,44.84
11.47,0.15,80.69
19.86,5.78,58.22
2.73,4.52,90.99
4.25,14.70,10.65
12.95,14.70,5.33
7.04,13.17,16.74
14.19,14.04,14.40
17.55,0.78,10.57
13.55,3.35,27.69
16.80,0.58,10.72
3.43,1.31,90.10
12.32,7.74,1.98
6.74,14.38,4.99
2.02,12.73,10.57
9.60,8.80,21.71
7.44,11.99,3.93
5.26,0.96,84.38
7.80,7.11,3.29
4.80,6.11,2.45
12.60,0.25,6.77
9.31,0.88,61.07
14.56,7.22,27.32
17.56,10.28,90.73
6.38,7.29,4.24
5.92,8.09,41.15
7.77,8.60,41.94
4.07,1.44,90.67
14.31,13.31,23.64
17.24,12.66,90.06
3.44,0.62,90.47
2.18,7.79,38.53
4.12,1.16,90.10
10.39,6.18,59.66
17.67,8.41,11.64
1.58,9.49,1.90
13.94,3.09,81.64
17.62,13.12,90.69
3.83,9.11,25.39
2.61,14.57,10.59
6.02,7.65,10.85
8.43,2.47,83.94
11.53,5.84,15.21
11.73,2.70,46.99
10.31,0.05,38.23
10.37,10.18,64.47
14.23,14.59,10.62
4.87,14.15,10.70
3.43,1.79,90.98
0.87,3.29,90.36
11.10,1.16,45.66
17.70,2.01,90.62
16.51,0.60,10.51
0.66,1.91,90.11
14.96,6.44,35.16
14.24,13.36,15.81
2.15,2.59,90.41
7.05,10.14,32.96
10.82,11.41,68.90
1.04,10.87,10.57
4.39,9.28,85.06
3.54,6.11,14.50
10.46,5.00,28.60
2.74,1.49,90.10
8.42,6.06,15.60
14.36,5.96,91.04
7.48,10.71,68.91
14.09,11.62,12.93
10.57,1.68,83.49
10.58,7.63,23.71
19.88,8.18,29.36
9.65,11.65,37.04
18.26,14.96,90.24
12.24,13.39,10.81
7.78,10.60,28.08
0.13,14.07,10.37
9.99,2.42,97.86
4.31,1.98,90.41
11.00,12.66,52.57
17.08,9.33,28.62
18.08,10.31,90.77
0.98,3.42,90.97
10.78,0.99,8.17
7.45,4.26,54.50
5.03,8.00,55.53
18.10,11.31,90.26
5.24,0.83,52.99
19.79,2.76,90.63
4.48,13.14,10.84
17.17,14.66,90.02
5.75,13.51,63.04
8.00,7.08,9.99
11.62,8.74,70.35
11.53,3.97,12.24
3.15,3.42,90.90
14.41,4.11,96.16
14.69,4.80,95.56
1.90,2.18,90.12
13.40,6.16,45.43
1.12,5.55,28.95
13.01,10.15,69.51
7.43,5.62,50.13
7.34,10.78,33.67
10.51,6.11,13.78
10.11,5.83,97.03
0.30,13.84,10.15
6.84,5.39,77.96
0.31,4.28,90.17
11.92,1.29,68.97
4.87,2.48,90.80
18.62,1.00,10.49
19.50,11.88,90.85
16.87,0.47,10.13
19.79,3.11,10.52
10.43,4.61,75.17
19.61,4.17,10.40
17.61,5.65,50.61
15.70,6.06,47.36
1.65,14.31,10.80
4.08,14.60,10.15
11.79,11.51,81.13
17.74,8.26,53.79
1.79,8.84,43.81
3.37,3.44,90.50
10.31,12.87,11.87
12.86,11.42,85.25
14.71,11.88,27.03
2.92,13.03,10.79
18.10,2.63,90.85
2.00,12.79,10.73
2.74,12.96,10.40
19.40,6.96,56.60
11.21,13.98,95.55
11.53,9.85,47.72
1.53,6.83,35.86
17.98,3.37,90.70
8.42,8.10,10.51
8.10,8.13,9.26
10.40,4.06,92.61
10.59,7.33,87.97
18.44,10.73,90.09
9.83,5.56,21.90
8.75,3.71,87.34
17.12,11.69,90.12
7.12,14.54,47.46
7.41,7.80,52.80
14.27,14.19,7.76
10.47,7.07,80.53
5.67,12.35,8.81
3.71,10.41,10.98
11.39,0.76,7.14
12.00,13.94,50.99
18.44,1.98,90.83
10.96,10.61,88.62
2.28,14.15,10.05
2.93,12.05,10.10
7.03,11.14,47.87
8.10,14.61,40.67
3.76,0.72,90.36
12.23,5.35,20.65
16.67,2.48,10.74
2.44,9.53,38.65
4.52,7.90,16.74
12.71,8.60,71.28
8.81,6.55,27.03
14.59,7.30,85.46
15.51,5.53,47.03
11.40,14.01,1.34
11.63,3.89,18.44
13.08,12.82,36.91
5.70,0.88,39.61
5.28,14.85,64.49
8.66,14.58,11.21
3.39,1.97,90.23
19.12,13.66,90.40
4.84,3.32,90.45
4.75,7.03,95.07
2.82,2.70,90.87
18.32,9.80,68.81
14.11,9.42,26.35
3.59,8.74,29.79
16.13,9.69,27.10
5.05,6.97,33.30
12.28,12.64,25.35
4.07,9.85,53.44
0.24,1.19,90.68
11.76,0.55,24.66
4.62,13.35,10.84
4.26,12.99,10.90
11.24,6.03,63.54
16.69,11.01,90.18
8.20,3.57,61.51
4.22,13.13,10.99
8.03,9.95,98.12
12.27,6.99,13.43
1.58,6.38,9.69
4.35,2.07,90.29
10.81,0.65,25.42
19.02,3.45,90.42
14.46,4.33,83.29
11.14,10.50,33.45
8.82,14.74,24.23
13.42,12.16,68.64
5.01,12.25,10.02
2.24,6.67,76.73
14.44,0.28,48.11
10.17,9.61,93.01
14.43,13.76,61.62
5.81,2.83,19.46
9.90,11.74,8.71
18.45,4.94,90.77
19.86,13.48,90.94
14.65,11.15,88.91
8.60,8.17,7.04
10.78,12.74,23.42
3.24,12.31,10.91
4.81,2.90,90.33
15.95,5.67,20.61
5.22,11.40,80.24
12.76,12.30,1.84
0.11,14.86,10.19
7.92,4.92,80.70
10.39,12.21,64.48
5.11,6.61,17.96
7.17,14.27,41.05
13.88,8.44,62.92
15.92,6.65,97.26
4.56,1.98,90.03
12.98,6.52,5.73
0.14,9.76,43.10
2.40,14.21,10.67
19.50,14.74,90.23
2.92,11.82,10.75
16.01,13.02,90.05
12.99,2.49,17.77
19.69,3.44,90.04
2.47,11.98,10.46
11.93,3.84,52.63
5.31,10.61,65.68
6.97,9.43,31.00
11.99,14.23,52.93
9.66,3.12,41.24
17.50,12.38,90.21
8.64,4.41,55.93
7.65,3.00,81.74
3.93,1.28,90.47
19.43,2.63,10.18
13.15,10.75,53.31
12.10,4.73,97.65
3.27,5.79,60.70
2.09,6.29,74.94
17.51,10.02,90.77
0.19,1.25,90.16
5.40,9.88,68.05
12.26,8.71,7.87
11.56,0.62,74.47
7.05,10.76,45.33
0.87,4.06,90.92
8.89,10.66,0.09
19.77,0.65,10.72
1.12,11.16,10.56
8.44,5.90,94.73
1.59,6.40,74.35
15.39,1.92,10.26
2.92,9.17,42.18
1.83,1.06,90.86
9.19,3.30,89.49
0.62,4.29,90.68
11.93,3.81,9.50
1.85,5.43,49.13
17.29,5.51,11.76
5.43,10.97,17.29
11.81,14.79,19.93
8.81,1.28,40.21
3.89,8.01,62.14
2.61,13.47,10.97
1.18,4.20,90.68
0.93,14.62,10.71
9.02,3.50,51.13
0.20,7.32,53.90
8.64,8.24,49.61
8.69,10.52,41.37
5.53,2.11,20.31
13.21,4.58,61.40
19.64,3.80,10.54
2.68,7.40,37.78
5.92,13.94,52.71
3.42,1.53,90.47
11.29,0.70,61.77
15.15,7.35,44.85
14.35,9.51,74.23
19.02,4.58,90.31
8.54,3.75,67.35
19.91,6.70,32.05
6.55,10.94,17.26
12.35,7.89,69.84
17.34,10.44,90.30
8.54,1.51,39.87
1.24,11.40,10.80
5.24,7.20,18.77
2.18,11.45,10.43
18.77,10.50,90.94
5.55,2.06,56.53
11.35,1.63,68.13
6.91,8.32,92.24
9.80,2.46,42.59
3.14,12.21,10.27
5.31,5.03,15.86
6.89,4.61,1.36
17.41,9.08,22.17
2.23,4.75,90.67
7.10,2.73,28.79
19.89,12.09,90.70
7.95,0.56,81.07
4.70,0.74,90.20
3.17,0.83,90.03
8.09,6.95,29.25
16.84,2.90,10.63
9.48,2.05,21.83
1.55,9.30,30.15
11.74,10.80,51.10
14.09,0.07,2.42
1.52,12.75,10.25
14.21,3.93,19.98
18.63,4.21,90.36
5.39,6.75,3.79
19.62,14.35,90.06
2.18,0.87,90.66
19.87,8.77,77.67
8.13,1.76,28.02
11.24,1.05,41.29
12.91,2.98,77.31
3.89,12.94,10.07
9.78,5.19,82.93
11.28,1.21,65.10
4.96,10.77,10.18
14.36,10.42,20.90
3.66,11.52,10.15
6.31,4.38,92.93
3.11,3.80,90.99
9.04,13.48,13.76
3.04,0.67,90.15
9.71,0.69,34.51
5.63,9.65,22.89
9.61,5.53,20.56
0.97,5.55,48.83
7.01,3.11,80.24
16.64,1.15,90.82
18.47,12.96,90.17
4.84,4.61,90.00
11.08,1.55,27.42
16.31,10.73,90.43
17.79,4.01,90.17
5.53,14.84,7.71
6.86,7.50,77.37
10.70,9.84,39.15
1.38,6.30,88.30
6.95,3.57,11.40
15.21,14.24,90.67
7.61,6.56,98.83
5.93,2.07,82.54
14.30,3.29,5.09
10.08,1.44,22.08
11.14,6.43,45.30
18.54,10.62,90.95
12.61,3.49,74.49
2.71,13.14,10.60
7.76,7.44,6.50
10.07,5.42,69.86
13.02,2.25,60.27
6.91,4.19,67.70
11.82,0.15,26.43
9.75,11.45,21.72
0.72,0.91,90.64
16.51,0.19,10.89
11.91,9.33,10.34
13.68,4.29,54.69
2.28,1.39,90.11
17.39,11.95,90.28
8.49,10.45,53.50
11.63,11.63,81.35
14.55,3.42,17.91
18.64,4.98,10.34
19.11,10.50,90.59
16.70,14.29,90.11
5.72,1.68,59.56
14.93,10.11,3.23
8.16,13.71,27.49
2.26,2.80,90.66
15.09,11.12,90.88
15.73,3.04,10.08
13.22,3.35,56.45
16.04,11.22,90.09
8.67,10.43,40.41
4.60,0.14,90.40
12.12,4.00,60.62
1.83,12.93,10.49
11.57,11.44,78.53
11.51,10.77,52.10
1.62,9.09,47.19
1.13,2.06,90.48
10.24,7.65,25.47
11.65,8.91,66.53
0.38,8.52,92.78
19.51,11.89,90.87
13.31,3.60,19.64
13.26,1.97,25.13
5.63,14.04,35.40
12.49,3.85,5.21
9.16,11.88,83.60
17.44,7.99,6.64
1.76,9.17,21.32
12.28,1.36,69.65
1.39,5.59,32.14
5.02,0.03,41.23
13.17,9.30,4.78
4.41,13.69,10.05
14.15,7.55,6.84
3.41,12.84,10.47
10.51,0.33,17.13
4.69,9.23,58.84
1.22,5.52,19.50
16.29,4.95,10.25
0.57,5.27,97.30
10.92,5.97,98.38
16.14,10.11,90.63
5.25,5.74,17.40
15.79,6.83,66.99
11.91,11.01,62.48
0.33,6.43,7.54
1.39,1.61,90.45
16.11,4.56,90.24
5.58,5.58,31.46
5.00,4.56,90.56
5.44,8.68,81.13
8.09,0.92,77.41
14.25,11.46,23.41
12.61,9.11,84.82
4.47,12.89,10.06
2.32,5.74,71.08
5.30,7.19,32.54
15.51,6.16,55.31
2.71,4.49,90.27
11.72,9.92,12.69
16.11,14.76,90.31
1.56,6.67,48.29
14.02,7.89,79.56
7.99,6.80,39.85
6.65,4.14,93.33
9.65,5.93,37.80
3.50,2.47,90.20
7.38,3.30,21.02
11.65,7.80,77.18
6.18,0.16,48.53
7.50,11.35,90.46
2.41,2.62,90.86
11.33,3.41,20.51
17.28,5.37,88.16
11.06,4.01,82.81
13.23,8.31,87.79
3.07,8.46,10.71
0.52,9.01,26.16
19.21,1.69,90.31
11.45,6.18,3.50
16.28,9.53,16.25
3.97,7.06,34.21
2.58,12.81,10.67
19.15,10.09,90.14
15.01,10.54,90.86
15.84,10.04,90.31
3.18,11.13,10.49
3.06,4.27,90.93
3.79,8.27,65.03
9.85,12.60,69.52
5.37,7.77,69.98
8.43,1.68,11.68
15.89,3.44,90.72
12.57,5.91,18.41
13.21,6.44,75.98
17.98,6.68,49.10
15.75,9.61,17.18
5.08,14.29,54.98
0.97,5.32,76.52
17.83,3.53,10.41
4.96,2.62,90.91
6.60,7.11,12.01
12.74,12.36,10.06
2.00,3.41,90.91
14.80,14.95,96.53
8.88,2.49,92.38
1.03,0.75,90.89
15.79,14.25,90.21
8.70,2.78,98.16
8.34,4.99,92.63
6.60,7.35,64.57
16.89,8.72,76.19
5.38,6.43,39.52
5.38,7.80,76.74
7.40,6.03,87.56
12.80,9.22,24.56
8.36,9.10,58.17
18.70,8.70,51.04
18.41,7.94,41.34
4.55,10.82,10.43
5.93,13.83,68.37
7.19,11.42,21.52
15.63,1.47,90.44
0.43,12.01,10.50
19.99,14.24,90.75
6.78,5.29,76.79
18.05,2.25,90.18
13.83,4.08,45.09
11.82,14.91,55.65
9.13,8.04,56.64
15.69,14.71,90.41
16.38,9.99,68.86
3.76,11.57,10.50
7.74,13.57,79.23
10.50,6.87,3.88
16.25,7.68,89.88
13.34,3.64,92.66
11.59,0.59,28.53
2.85,8.59,52.45
8.39,0.15,85.43
11.56,7.59,56.51
16.74,4.18,90.43
13.80,1.42,17.64
8.37,12.36,89.59
3.62,2.05,90.90
16.10,9.83,23.22
12.45,13.00,81.45
2.12,13.24,10.06
7.32,6.07,93.58
7.22,8.37,0.59
1.83,7.79,0.08
8.20,4.44,8.98
3.92,5.89,76.81
3.76,1.90,90.03
16.54,12.45,90.92
7.54,7.23,15.34
15.18,4.16,10.95
1.32,1.90,90.81
1.16,13.50,10.86
18.75,0.23,10.28
10.43,7.31,22.30
7.43,7.86,96.14
15.75,1.93,90.49
10.10,5.58,10.62
8.87,7.14,67.82
0.77,8.44,89.72
6.53,8.47,87.14
17.10,10.71,90.22
14.62,1.35,73.56
6.61,1.05,44.91
11.60,14.05,54.30
17.38,12.41,90.51
7.74,11.83,0.48
14.06,11.82,16.88
5.47,7.39,38.46
9.44,11.62,30.56
1.87,4.47,90.69
10.24,9.70,87.44
2.12,2.45,90.81
11.77,7.48,26.06
18.07,8.98,92.35
11.24,6.25,86.34
5.88,5.54,79.50
13.25,6.24,53.72
6.72,5.18,32.59
19.52,0.82,10.38
6.85,5.87,63.06
8.28,9.40,14.30
17.30,14.85,90.51
9.54,8.39,19.65
9.06,11.78,68.95
9.88,0.25,78.88
19.54,6.79,10.94
1.48,14.92,10.99
8.37,7.76,90.53
15.22,4.33,90.25
18.44,5.61,70.44
1.74,3.52,90.32
16.32,14.55,90.45
1.29,0.31,90.15
14.74,12.15,70.42
16.19,1.81,90.68
0.23,11.45,10.47
4.61,10.07,10.51
11.92,8.26,56.33
12.09,13.25,76.03
18.02,10.93,90.37
2.52,4.80,90.64
3.58,9.27,27.44
19.31,8.14,50.25
18.25,3.57,10.50
18.55,13.91,90.69
10.16,9.39,18.77
9.58,11.81,76.00
14.94,4.44,23.52
18.78,0.33,10.10
7.44,9.40,30.85
15.03,12.63,90.00
9.24,6.50,91.97
9.58,3.21,76.51
2.92,2.02,90.91
9.91,14.69,6.37
0.01,12.80,10.35
0.49,5.77,94.77
12.50,10.28,81.41
16.94,14.13,90.95
14.04,5.44,2.14
11.53,1.90,56.35
8.43,7.98,77.79
12.00,11.15,84.06
9.27,12.39,50.64
12.61,10.56,0.99
2.81,11.41,10.09
18.44,4.48,10.89
10.41,5.41,75.38
16.06,12.84,90.31
0.64,11.75,10.18
17.60,9.58,16.46
19.60,12.96,90.21
0.46,4.82,90.36
11.82,7.43,81.13
15.20,3.93,90.43
16.92,14.94,91.00
9.67,10.99,79.61
17.76,12.98,90.10
0.86,7.63,4.42
6.93,4.67,10.28
17.86,5.14,60.63
19.29,11.50,90.16
10.89,8.58,88.56
13.90,3.17,31.33
8.29,10.01,58.23
7.14,5.00,89.55
7.75,0.17,47.84
13.56,14.41,17.87
15.26,14.02,90.10
17.13,2.78,10.29
19.68,1.90,90.20
19.06,10.64,90.05
19.74,12.80,90.76
4.88,4.78,90.47
18.56,5.36,45.61
11.42,14.81,94.69
4.53,1.70,90.44
16.24,11.37,90.76
19.06,6.36,22.46
16.35,1.73,90.64
10.48,4.12,62.33
15.74,10.42,90.09
1.93,5.03,41.11
6.41,3.11,35.65
0.09,11.62,10.34
4.76,6.63,25.53
14.64,10.79,13.50
3.77,2.60,90.11
7.19,2.10,20.67
16.89,14.17,90.90
4.70,2.21,90.72
16.25,3.41,10.16
12.33,14.57,56.63
8.53,12.28,64.09
7.49,10.49,13.28
19.12,9.34,45.32
0.93,11.09,10.61
9.97,5.30,19.34
15.16,3.20,90.16
17.16,6.77,76.02
2.77,9.66,58.98
14.53,11.19,93.86
6.74,8.95,15.18
7.93,2.77,77.89
0.23,3.46,90.75
10.17,6.40,29.49
13.94,14.78,30.35
14.20,4.81,62.10
1.29,13.88,10.50
8.07,11.33,53.65
6.50,0.50,96.89
11.96,7.09,12.47
19.59,4.49,10.89
4.19,8.40,27.53
2.41,6.83,5.08
11.54,14.03,71.71
7.19,2.92,0.97
7.78,5.01,49.87
13.26,11.70,22.68
5.26,6.69,34.87
18.30,2.17,90.23
2.07,0.71,90.83
10.87,4.59,41.33
15.77,14.29,90.16
11.64,0.59,26.40
6.37,4.05,14.87
5.17,0.52,50.69
16.23,1.38,10.66
19.52,10.67,90.44
4.32,9.29,40.12
17.93,4.77,10.30
6.11,2.19,32.62
19.14,12.10,90.99
14.22,6.72,22.01
12.72,1.98,51.01
5.81,13.18,18.57
3.61,1.10,90.73
17.30,5.50,47.40
15.59,8.56,46.30
11.14,13.45,44.34
9.28,0.84,7.02
1.99,6.28,26.70
12.59,7.20,98.74
0.15,13.87,10.28
12.11,5.82,42.98
19.65,11.56,90.86
12.67,13.42,26.15
14.46,5.75,1.15
4.51,1.31,90.12
4.02,13.83,10.15
4.46,1.86,90.33
2.76,8.74,93.60
12.51,9.47,82.65
12.11,7.21,99.79
2.20,4.31,90.97
7.66,3.89,63.32
8.42,14.00,98.59
10.86,5.46,79.06
8.82,12.61,63.89
12.75,11.21,13.96
11.51,7.64,54.61
3.95,10.69,10.99
15.15,5.00,2.01
11.51,11.24,21.83
0.14,6.59,28.19
11.17,12.98,35.22
9.09,6.86,83.38
4.60,4.54,90.55
3.96,3.19,90.77
3.80,1.87,90.05
5.79,10.29,45.61
7.59,4.07,54.52
19.47,8.44,63.82
16.89,12.58,90.38
19.81,0.06,90.02
16.72,14.72,90.24
17.44,14.08,90.32
10.26,11.66,11.54
4.36,9.42,60.02
5.68,12.77,53.25
14.12,10.03,74.29
3.00,13.11,10.28
16.80,7.01,26.88
0.85,8.20,83.30
0.58,14.51,10.39
3.78,1.32,90.82
0.79,2.90,90.85
3.65,8.15,21.02
11.69,8.10,82.47
15.12,1.47,10.07
5.86,3.02,31.19
2.61,3.82,90.51
13.75,1.40,57.63
17.70,3.99,90.86
18.75,7.79,81.82
18.01,10.87,90.45
11.25,6.66,20.69
18.99,4.26,90.08
14.97,8.24,84.92
5.67,9.58,22.55
2.24,3.52,90.42
17.15,1.58,10.03
8.23,12.23,20.15
9.95,10.00,47.15
7.77,7.35,29.38
16.57,12.56,90.21
7.25,6.81,61.08
3.48,11.38,10.30
12.47,8.07,76.65
17.74,2.01,10.98
13.66,0.75,78.87
2.76,2.12,90.71
13.39,1.20,52.11
15.78,10.22,90.50
7.01,8.53,6.10
17.35,8.97,71.64
6.05,5.36,29.26
4.89,5.76,83.81
3.23,1.30,90.10
7.78,8.11,92.45
13.62,6.68,18.19
5.37,6.94,87.58
16.65,4.51,90.58
5.08,14.20,89.86
2.24,9.91,84.64
2.85,1.05,90.41
12.22,0.96,90.82
18.10,9.21,33.50
11.46,2.71,38.37
16.77,9.39,79.51
15.42,7.25,68.66
1.14,7.42,26.19
5.73,10.45,11.05
13.42,9.45,27.47
17.02,14.22,90.49
16.83,3.63,10.53
4.54,5.00,90.23
14.68,0.84,26.95
10.91,12.21,76.26
16.01,6.98,50.14
17.88,4.32,10.12
18.15,12.30,90.68
0.07,10.65,10.16
13.94,7.70,90.40
4.97,4.48,90.34
17.25,12.77,90.24
5.59,7.96,89.71
14.25,12.95,72.72
14.03,1.96,16.27
12.40,8.35,68.48
6.48,0.41,17.23
12.49,7.74,53.84
19.77,6.30,69.19
18.52,14.75,90.60
8.40,2.33,63.22
0.29,13.06,10.45
9.64,10.48,73.96
17.59,5.47,49.46
4.94,13.13,10.36
6.41,0.12,28.57
1.02,2.07,90.97
1.05,12.05,10.45
10.46,10.36,26.97
9.01,3.82,76.81
0.29,2.68,90.20
18.54,1.57,90.69
12.15,11.40,47.17
7.24,6.27,45.68
13.51,11.29,13.90
17.45,14.94,90.23
16.18,10.85,90.27
2.76,12.58,10.25
5.55,3.79,69.52
10.41,9.52,76.56
19.81,1.07,90.57
15.24,2.44,10.33
6.07,12.75,47.05
7.05,1.59,92.56
12.28,8.03,74.62
18.89,0.70,10.55
5.03,12.59,25.75
18.68,14.70,90.45
17.98,1.44,10.58
18.98,0.73,90.45
6.40,12.44,39.70
7.46,5.65,58.54
6.33,0.94,41.54
16.26,10.46,90.93
5.97,8.72,72.72
18.17,3.01,90.28
14.59,10.31,92.23
17.77,8.99,45.37
10.51,8.09,73.17
15.44,14.69,90.00
6.37,13.67,76.25
18.38,5.14,27.09
5.69,2.86,12.03
18.00,10.44,90.02
3.83,4.81,90.24
2.94,13.79,10.70
14.35,10.49,10.39
1.79,2.07,90.48
14.14,4.42,50.91
9.57,2.65,0.98
4.17,13.59,10.63
1.03,9.38,27.76
14.01,10.67,60.14
13.60,13.13,54.67
19.53,5.52,69.92
4.36,5.22,3.36
8.34,6.49,84.21
14.65,13.54,60.03
0.50,14.93,10.89
14.94,0.87,4.39
5.19,5.68,54.47
2.99,6.99,5.74
4.52,7.35,97.07
16.22,6.96,35.22
18.04,11.43,90.48
18.46,2.32,10.23
12.23,4.59,82.58
16.49,14.58,90.39
7.69,9.72,76.69
9.48,5.39,48.43
3.32,14.01,10.52
14.80,11.90,74.61
9.86,9.45,17.63
16.29,12.30,90.81
1.43,2.44,90.13
15.47,12.61,90.81
6.53,10.74,42.68
15.39,8.28,24.58
18.94,13.48,90.43
3.42,13.60,10.28
14.09,3.17,94.11
5.10,0.81,84.06
0.19,14.29,10.80
3.00,2.73,90.04
17.79,6.05,59.55
12.51,1.42,48.56
6.26,1.07,9.60
1.29,5.21,0.01
5.19,4.05,36.50
17.79,7.22,80.78
9.89,2.95,74.47
6.44,8.13,1.07
0.23,0.12,90.76
11.16,7.58,91.83
4.24,12.03,10.12
18.32,6.95,60.89
6.08,13.04,35.69
9.33,1.59,55.84
16.01,7.28,32.44
10.79,7.05,86.61
10.67,14.12,59.50
5.78,3.70,87.03
13.95,7.01,78.75
13.90,3.60,63.03
3.87,5.30,48.65
15.29,0.33,10.66
10.72,0.70,81.72
12.02,1.15,78.09
10.67,12.71,90.28
6.27,11.69,15.67
16.64,7.25,17.58
2.88,2.17,90.17
0.04,14.53,10.22
0.47,0.83,90.42
17.07,13.29,90.64
15.52,8.86,9.84
19.71,0.27,10.80
7.78,9.86,79.95
18.19,1.10,90.92
16.29,1.72,10.15
9.74,5.60,58.14
4.67,13.39,10.07
18.85,14.20,90.52
18.96,5.90,70.51
18.15,11.61,90.46
2.87,14.38,10.16
19.47,6.09,1.17
1.58,1.52,90.96
4.29,14.51,10.18
19.33,13.42,90.56
10.49,14.36,6.60
16.75,9.98,93.73
11.97,6.95,19.26
5.60,8.31,39.07
1.37,7.67,89.64
2.41,5.68,35.25
4.32,9.88,38.32
9.41,5.65,68.05
12.94,2.43,67.52
2.11,6.58,41.59
4.11,8.59,75.91
12.77,9.79,69.44
13.09,0.47,63.08
16.58,8.59,15.98
8.57,4.64,31.64
13.67,13.61,52.50
6.18,13.48,69.99
15.25,3.26,10.62
17.90,5.47,18.38
13.16,6.41,38.19
14.91,13.96,59.78
5.45,9.99,83.52
1.45,7.19,89.79
16.28,6.29,65.58
14.92,8.48,34.52
15.20,10.33,90.09
15.10,13.36,90.92
3.29,13.69,10.86
11.40,1.61,75.36
15.58,9.90,33.81
19.83,8.63,83.06
9.83,4.94,33.70
11.45,7.39,88.32
5.18,12.27,90.03
17.92,11.23,90.84
3.69,0.88,90.24
15.69,10.28,90.09
6.83,0.73,31.45
2.45,2.47,90.83
2.88,13.87,10.77
18.86,6.46,35.37
16.00,14.50,90.81
13.46,2.73,93.83
2.32,11.22,10.68
13.53,6.45,64.90
5.59,11.31,25.53
0.13,14.38,10.33
15.30,1.04,90.32
8.30,9.49,35.00
9.66,13.06,85.63
4.45,8.27,84.71
7.49,13.58,33.90
3.28,12.21,10.27
19.79,14.07,90.27
18.77,14.57,90.10
6.51,11.32,21.45
10.65,5.96,30.97
17.70,10.26,90.86
13.90,6.17,88.54
12.54,14.51,69.55
19.55,7.80,92.88
12.47,10.26,13.20
18.34,7.81,69.32
15.49,3.49,90.48
18.63,7.28,11.19
19.63,7.08,50.59
14.98,10.75,33.15
13.96,2.15,74.12
9.41,12.24,69.22
11.50,12.95,73.37
8.75,12.85,58.90
1.82,6.31,99.03
15.21,2.07,90.30
14.71,1.01,61.73
7.28,8.06,20.32
8.10,5.95,1.48
5.45,10.51,46.96
6.44,5.48,5.38
3.95,4.44,90.69
5.28,11.96,31.98
10.33,3.98,16.64
0.61,0.06,90.59
0.94,2.46,90.63
4.57,12.40,10.29
19.84,7.16,96.04
3.12,12.29,10.78
8.17,3.74,43.15
5.18,10.30,29.66
15.83,7.76,23.20
11.14,10.23,62.56
15.40,2.99,10.61
19.76,3.50,10.14
14.07,9.95,26.28
6.98,0.60,21.32
8.32,1.55,18.46
19.63,0.60,90.75
1.44,12.81,10.35
19.44,0.29,90.98
5.53,11.78,46.72
10.16,12.61,84.14
15.63,12.55,90.26
4.56,14.83,10.38
4.70,10.27,10.68
6.62,10.56,87.73
7.40,5.84,37.92
9.47,11.43,39.17
2.22,4.45,90.92
5.27,7.60,86.93
0.95,11.95,10.85
17.55,10.88,90.15
4.40,9.06,8.99
14.47,2.94,62.29
16.19,0.47,10.37
13.16,8.04,51.70
15.21,7.99,28.78
10.77,11.77,95.24
14.61,12.75,91.34
19.77,8.37,72.95
6.89,2.97,51.52
9.84,12.68,32.54
10.13,11.06,53.57
3.94,12.66,10.95
4.76,12.05,10.17
10.59,6.22,75.20
17.63,0.17,10.44
6.42,12.42,29.54
0.63,4.20,90.94
19.61,8.37,42.16
13.38,0.47,56.12
5.47,10.59,57.92
2.88,8.11,50.77
16.02,12.33,90.69
5.42,9.88,48.65
3.60,4.24,90.23
19.13,1.66,10.33
13.88,14.05,87.14
0.51,2.59,90.49
5.15,9.20,45.19
2.73,3.55,90.88
5.01,12.19,99.64
15.31,4.04,10.88
12.65,8.46,51.17
10.36,1.70,71.30
15.59,13.93,90.95
18.45,4.22,10.71
15.77,0.45,10.78
16.85,2.78,90.16
4.18,11.81,10.41
11.11,13.70,28.58
1.65,9.80,23.17
9.32,14.21,61.61
17.35,8.28,78.77
6.43,11.90,13.12
16.57,7.60,3.64
18.61,2.10,10.94
9.62,11.31,31.07
1.85,7.03,77.97
9.44,5.00,97.71
19.27,8.53,33.24
11.39,11.80,11.31
11.22,3.64,9.78
3.39,14.14,10.65
10.20,0.63,85.33
19.10,10.74,90.29
2.12,8.54,93.77
9.16,10.62,32.62
3.71,7.28,80.96
7.00,4.51,53.31
8.89,11.08,17.51
13.16,2.94,79.72
15.39,14.47,90.33
9.38,9.95,49.69
0.01,3.49,90.71
11.90,13.01,84.13
5.92,1.11,34.99
14.18,1.36,2.12
0.16,9.46,96.82
3.10,12.85,10.98
17.37,10.86,90.01
11.74,9.60,92.67
16.38,8.81,22.70
6.18,0.67,25.81
9.48,3.57,87.40
4.73,0.42,90.60
19.21,8.98,68.73
1.20,1.87,90.36
8.36,3.38,48.89
4.78,9.81,77.50
10.55,9.23,83.31
19.02,10.83,90.92
0.58,10.92,10.76
16.69,12.05,90.52
5.34,5.69,77.59
2.13,7.83,85.14
15.92,12.39,90.61
11.06,10.77,35.95
15.06,13.37,90.50
8.66,3.00,9.89
1.89,12.30,10.96
2.96,8.42,32.77
2.40,2.11,90.15
5.36,9.45,26.39
4.14,14.75,10.75
10.70,14.66,46.77
6.08,5.49,5.76
10.30,1.40,80.64
1.21,7.33,18.06
19.23,12.36,90.44
6.81,11.65,53.78
2.02,0.14,90.22
17.62,14.04,90.27
11.27,9.14,78.39
1.13,2.84,90.63
18.09,12.46,90.55
0.89,1.51,90.59
0.35,11.23,10.52
13.80,12.51,45.37
9.56,2.58,0.36
2.65,12.93,10.21
5.85,6.04,85.47
2.83,10.80,10.58
1.43,0.70,90.48
4.13,1.17,90.67
15.17,0.63,11.00
14.50,10.14,66.58
15.84,13.43,90.01
18.78,6.28,37.40
13.25,14.35,95.73
9.80,0.19,0.87
8.33,4.80,34.13
5.32,14.63,71.39
1.85,13.06,10.52
15.89,12.59,90.08
1.55,12.04,10.07
8.76,6.67,51.90
18.88,7.17,36.11
10.86,12.98,47.21
0.31,3.23,90.83
7.72,10.00,86.93
16.78,9.20,92.46
9.45,5.59,8.27
7.42,3.62,87.23
5.02,13.17,16.16
9.49,3.02,16.83
3.01,8.24,10.84
13.75,3.11,90.79
11.18,2.01,2.76
10.55,5.21,27.84
8.63,12.10,22.40
18.81,1.40,10.59
9.51,11.81,3.76
4.99,14.12,10.01
10.81,14.28,4.19
8.81,9.74,6.97
5.41,0.27,87.67
0.70,1.75,90.22
15.59,7.36,94.52
9.48,9.10,6.15
19.82,4.21,10.47
17.40,14.59,90.33
8.09,1.56,21.43
17.12,12.53,90.32
19.81,5.07,71.56
15.13,10.65,90.91
13.73,7.43,27.37
4.51,8.53,33.08
11.01,6.16,99.48
15.53,13.65,90.19
14.64,2.26,20.64
0.95,8.41,51.47
6.17,3.74,24.50
14.18,0.17,15.34
8.21,8.64,43.73
11.74,13.16,23.18
0.05,9.68,47.06
4.47,14.78,10.39
18.91,4.06,10.36
15.40,5.72,13.20
7.76,11.36,62.59
2.10,9.04,12.24
3.91,5.81,17.54
17.10,11.31,90.28
9.56,0.53,2.66
15.60,12.37,90.44
0.72,3.81,90.15
11.93,3.36,85.26
2.07,3.53,90.02
16.66,13.15,90.16
0.93,9.53,21.94
7.10,8.29,30.48
11.39,1.03,37.42
10.45,11.22,79.39
0.90,6.35,77.35
11.84,6.10,25.98
10.19,7.07,67.70
6.22,7.26,14.20
18.39,9.61,47.87
19.07,0.55,90.74
5.84,2.73,87.54
9.21,9.99,64.41
6.45,1.53,67.98
7.70,1.56,6.76
15.31,2.37,90.02
16.21,4.71,10.41
4.16,3.20,90.89
10.00,4.03,62.07
17.67,6.32,83.93
3.57,1.08,90.11
6.17,13.46,8.55
3.73,13.62,10.45
9.25,9.10,39.73
7.82,5.10,79.58
8.32,12.33,15.00
3.05,8.15,9.67
14.89,5.96,61.47
15.28,14.82,90.08
15.79,2.56,10.19
15.35,3.83,10.14
16.95,9.86,92.82
2.96,7.80,23.31
8.98,14.23,73.39
6.75,9.86,85.44
0.73,0.57,90.12
7.48,11.13,47.07
15.34,9.98,70.33
10.34,12.81,29.08
9.95,9.27,59.42
16.27,11.02,90.11
15.46,2.93,90.11
8.68,1.52,14.16
0.34,14.29,10.93
15.48,5.89,51.70
15.06,2.15,10.13
14.07,1.65,96.50
14.12,8.44,1.40
18.93,14.99,90.32
15.44,11.84,90.18
13.73,6.67,78.38
11.22,6.58,19.00
4.14,8.10,80.04
8.95,3.52,3.50
13.20,11.38,27.54
1.55,11.66,10.56
4.25,2.87,90.34
4.71,11.07,10.02
15.17,5.73,53.40
18.98,5.87,97.37
7.14,1.35,86.97
9.38,6.25,75.39
9.54,2.00,65.91
16.75,9.35,82.08
7.29,8.33,24.12
7.87,4.75,54.71
5.91,9.62,46.77
9.27,3.99,66.14
16.38,1.36,90.47
10.90,12.45,86.62
17.43,14.55,90.49
14.67,9.69,19.86
10.81,9.13,49.42
5.12,3.10,99.37
18.72,4.10,10.57
10.70,12.54,58.51
17.05,0.08,10.51
12.62,1.78,88.35
6.23,10.77,13.66
8.95,13.87,74.17
6.16,14.22,33.88
6.11,1.54,89.01
19.99,12.26,90.54
13.37,11.93,89.29
7.68,0.09,41.77
15.54,8.42,73.28
12.54,12.38,10.51
2.73,10.91,10.09
7.15,12.40,25.51
6.39,11.25,76.47
10.83,10.22,21.77
0.84,14.91,10.26
19.91,9.03,85.47
0.19,3.04,90.23
8.07,6.61,19.81
0.93,12.05,10.42
5.96,2.32,33.92
13.24,3.19,29.25
17.67,0.95,90.59
11.76,0.34,97.62
12.23,10.63,99.40
10.79,15.00,11.97
3.69,8.75,65.86
19.43,13.46,90.63
0.64,6.70,65.52
13.64,11.10,4.35
14.00,13.19,57.91
11.96,12.44,22.99
1.96,1.07,90.68
16.04,4.78,10.66
8.61,5.99,18.52
8.03,0.33,35.69
6.48,11.78,85.12
3.50,14.42,10.05
11.93,0.42,30.94
6.73,1.75,23.08
10.34,10.81,68.29
15.21,12.90,90.80
16.17,10.20,90.03
11.28,2.82,81.66
0.95,11.01,10.93
13.70,13.98,69.71
3.63,11.80,10.89
18.86,11.19,90.51
11.36,5.17,36.85
3.19,9.32,19.75
3.76,12.21,10.90
8.90,13.76,55.34
10.67,13.25,66.37
14.40,12.44,38.75
8.20,3.67,34.95
13.62,8.84,73.51
9.45,5.43,78.29
19.06,2.09,10.08
12.92,2.27,62.32
17.06,14.39,90.68
16.65,0.30,10.50
19.44,3.12,10.01
14.06,12.06,72.55
4.51,11.46,10.55
16.94,5.87,66.66
14.61,9.49,61.84
2.09,0.48,90.46
4.17,3.61,90.25
10.89,14.79,50.00
18.75,2.21,90.10
12.82,13.12,84.13
15.76,13.97,90.19
16.31,0.78,90.03
18.10,5.31,49.00
11.95,3.19,98.39
18.84,4.09,10.12
5.89,11.49,37.37
10.22,14.68,85.89
16.09,8.05,68.92
10.87,1.99,75.12
10.88,3.45,99.11
10.71,1.61,86.24
10.96,6.30,51.83
9.18,6.21,99.28
2.60,11.24,10.87
2.06,2.84,90.63
17.06,8.26,87.28
12.31,6.12,45.83
7.23,14.96,30.79
10.53,12.32,27.19
15.48,11.60,90.24
10.70,14.78,53.55
0.77,7.13,56.33
6.49,0.12,41.00
14.11,1.51,77.32
15.62,3.88,10.59
7.25,11.84,54.27
9.30,3.17,97.71
1.44,9.62,45.69
0.92,4.20,90.31
15.76,4.45,10.15
14.98,13.04,82.40
16.44,2.71,10.12
18.25,8.44,29.71
11.49,10.70,66.83
19.17,4.27,10.55
7.87,13.96,23.19
0.38,5.80,16.49
19.39,10.28,90.39
8.05,12.14,13.42
10.88,14.47,69.56
14.25,6.03,36.94
17.65,2.66,90.44
13.85,0.12,3.23
0.04,11.55,10.50
3.33,2.35,90.71
13.18,1.22,38.22
4.39,14.28,10.41
5.92,3.24,41.24
10.78,11.61,40.36
8.58,7.93,73.09
15.35,7.64,40.96
18.27,1.56,90.19
13.24,9.91,54.08
5.20,0.59,25.88
16.85,2.44,10.94
17.78,7.13,40.18
6.76,14.91,55.93
0.31,13.50,10.55
3.64,14.35,10.25
14.72,2.88,68.67
6.55,0.88,33.62
13.46,1.32,49.96
9.09,12.30,46.08
19.52,9.63,3.87
19.28,3.07,90.33
15.24,2.17,10.25
1.10,14.78,10.94
0.32,10.59,10.72
15.67,8.73,44.77
4.31,13.97,10.68
2.83,14.21,10.42
18.74,13.97,90.61
17.59,12.50,90.04
9.27,4.57,19.87
2.72,9.52,3.62
10.56,12.79,57.06
10.84,14.24,38.16
1.99,5.55,72.51
3.04,10.23,10.28
8.93,1.90,14.39
4.76,12.70,10.06
6.88,5.66,53.31
5.25,7.09,23.30
2.91,0.96,90.24
16.07,5.09,45.81
4.20,7.82,5.15
13.89,10.93,15.87
8.79,12.80,40.29
15.13,11.57,90.69
10.26,5.95,45.80
9.73,14.48,34.22
8.02,14.29,85.66
7.56,6.46,92.56
9.37,11.74,25.58
2.54,6.48,38.38
13.58,4.89,99.26
7.98,12.05,96.78
14.33,11.51,68.92
13.89,13.93,28.11
11.27,12.61,16.77
13.27,7.15,55.56
8.07,12.70,41.69
12.47,9.64,50.18
14.38,6.67,26.19
5.31,1.85,9.79
2.60,2.24,90.77
12.03,2.15,13.64
8.25,13.05,65.83
17.09,9.17,64.43
12.62,8.30,25.47
11.52,10.38,10.33
1.67,14.33,10.58
9.95,9.50,70.95
11.54,1.97,19.69
7.44,8.09,35.63
15.77,9.23,46.05
14.90,10.69,87.10
16.88,11.90,90.42
5.99,4.66,30.17
0.17,10.76,10.81
18.83,13.00,90.59
8.32,2.15,1.17
1.36,0.14,90.40
19.79,12.08,90.74
5.75,8.41,16.81
13.37,13.39,60.85
13.46,9.29,17.33
9.54,3.98,94.90
3.61,12.46,10.20
3.81,14.35,10.72
19.57,10.86,90.06
17.89,4.65,10.71
6.11,12.11,95.31
14.70,8.80,72.60
16.29,1.69,90.66
12.31,0.97,11.13
18.02,5.13,93.74
3.51,0.73,90.51
16.25,4.30,90.41
10.56,13.80,72.12
8.44,10.68,5.08
12.00,1.25,42.62
16.85,3.97,10.83
0.64,10.79,10.18
13.20,1.65,13.00
4.09,14.74,10.34
10.95,9.70,70.86
1.35,6.05,86.43
7.77,2.15,97.99
1.96,0.34,90.96
19.94,13.07,90.48
10.15,13.79,53.27
6.56,1.94,10.91
5.80,6.78,45.29
7.90,9.21,1.32
16.94,13.23,90.69
7.13,2.35,39.94
18.45,8.79,18.77
16.51,0.57,10.54
11.54,8.76,57.30
16.27,2.52,10.91
7.12,9.95,75.85
3.12,11.93,10.34
17.89,14.77,90.11
2.88,3.32,90.27
16.85,9.21,3.10
5.60,2.60,1.62
19.05,2.98,90.58
10.96,3.47,95.68
18.76,6.70,27.52
18.40,3.65,10.61
4.30,8.76,50.48
19.47,3.84,10.95
14.61,7.42,17.44
1.92,5.60,94.89
19.76,5.39,40.29
3.49,2.26,90.72
17.88,4.62,10.90
18.99,4.87,90.21
3.73,9.80,86.23
8.20,10.46,72.42
16.77,5.81,33.11
1.16,6.90,99.14
10.99,4.15,86.75
14.91,10.63,34.45
12.54,4.83,19.56
8.64,12.74,57.15
14.25,2.42,45.32
11.71,3.29,61.75
10.78,14.24,33.96
16.48,10.54,90.05
18.71,11.08,90.71
5.12,11.38,58.63
9.50,3.54,33.77
14.08,1.19,51.58
7.34,2.48,95.26
13.04,6.47,92.49
0.19,2.77,90.27
2.25,1.74,90.55
9.60,8.43,66.32
16.38,8.75,88.37
12.05,5.78,89.40
8.72,6.46,50.45
19.17,9.54,88.41
11.36,8.34,75.61
18.71,8.48,44.75
6.87,2.28,9.26
1.05,3.43,90.16
2.93,10.82,10.49
18.24,13.06,90.93
6.93,13.57,37.41
5.25,0.40,34.74
14.17,6.60,93.35
4.14,14.67,10.88
8.37,1.96,16.90
2.04,4.06,90.94
13.43,14.39,45.03
13.03,1.41,20.30
17.20,5.34,67.51
19.26,4.60,90.62
18.18,13.07,90.01
8.64,14.47,73.15
18.02,10.17,90.76
9.16,8.68,33.77
19.69,3.54,90.16
3.71,11.99,10.67
0.97,5.72,43.13
3.21,9.89,20.30
8.47,4.70,67.63
10.98,14.24,67.08
12.68,10.34,80.56
0.59,9.57,50.76
2.10,8.09,52.85
12.01,9.97,56.43
15.22,3.98,90.83
2.94,10.93,10.54
0.42,4.78,90.91
11.97,12.86,79.87
13.18,6.44,71.67
3.91,2.36,90.93
3.18,9.36,68.29
3.19,14.51,10.44
18.30,13.65,90.99
1.29,14.77,10.30
6.28,13.34,96.67
8.41,2.78,50.13
8.72,0.62,89.77
9.82,2.02,58.76
16.44,4.43,90.94
10.38,5.17,79.14
4.34,11.42,10.98
5.50,11.87,62.71
0.20,11.10,10.67
1.28,1.01,90.01
5.22,11.11,55.79
16.40,10.91,90.98
15.76,12.33,90.95
10.04,5.34,22.83
6.74,4.76,18.29
9.94,5.29,19.68
19.12,10.33,90.32
10.73,8.05,24.21
16.38,10.75,90.52
9.36,12.97,76.50
2.63,14.12,10.37
5.29,9.56,0.58
3.64,9.49,64.67
15.39,8.88,73.34
14.35,4.95,67.04
2.39,9.21,34.79
2.52,3.83,90.71
2.24,7.95,81.39
2.54,12.90,10.29
10.87,9.76,16.31
19.74,14.50,90.90
19.78,2.68,10.71
3.69,13.87,10.74
6.89,0.67,34.42
13.68,13.70,25.51
11.13,0.96,66.41
6.33,7.42,87.20
11.20,9.12,50.40
7.78,11.13,38.10
5.70,13.22,65.04
5.54,3.95,42.02
9.99,9.35,1.76
3.02,2.61,90.41
0.19,6.57,50.41
3.85,12.04,10.33
6.87,2.16,86.15
12.51,1.72,60.46
8.83,1.99,34.51
10.38,9.28,84.93
5.38,1.81,66.41
14.59,0.06,98.99
18.23,4.89,90.14
7.69,6.37,53.06
1.95,2.21,90.20
1.05,4.90,90.97
18.55,12.91,90.09
16.10,9.04,44.55
12.42,10.91,6.60
0.45,11.87,10.97
8.70,10.44,87.66
16.32,12.77,90.09
15.56,5.94,16.53
4.83,12.04,10.56
11.77,0.07,74.91
15.68,9.81,39.29
10.13,3.04,67.06
15.40,9.83,86.12
5.54,6.87,57.66
6.68,1.40,22.40
15.16,7.10,76.62
0.16,6.10,5.91
0.49,0.10,90.27
5.21,3.93,32.30
19.65,7.28,93.88
11.64,12.28,73.10
14.37,7.13,7.52
3.76,8.90,79.65
15.87,2.29,10.33
14.85,1.93,79.33
2.27,13.58,10.73
4.04,9.34,6.15
19.96,0.82,90.90
3.32,13.87,10.73
8.48,5.49,3.53
19.46,14.25,90.20
18.41,5.30,5.76
9.46,2.47,94.81
10.03,11.10,1.05
16.01,3.48,90.31
13.88,3.52,48.65
2.64,2.34,90.07
7.32,7.27,78.21
9.89,14.19,13.53
10.82,11.88,98.64
18.00,2.00,10.17
4.55,6.17,58.55
15.59,5.37,63.41
12.04,9.23,63.30
6.87,2.33,27.82
16.92,5.04,89.99
11.34,11.29,70.45
10.04,6.15,67.71
14.74,11.95,84.47
4.29,9.74,89.46
16.21,7.64,65.97
3.18,7.02,9.46
19.13,5.10,27.12
0.70,4.80,90.58
8.55,6.96,63.45
11.53,2.13,80.50
19.86,14.69,90.48
10.04,12.39,60.00
16.79,4.28,90.94
10.90,4.46,12.48
19.85,7.72,69.03
14.57,10.12,50.02
15.95,4.63,90.87
18.20,2.69,90.84
3.42,10.28,10.51
14.89,11.05,67.33
6.14,13.09,96.50
13.22,8.37,98.31
12.57,14.76,58.11
0.80,1.47,91.00
10.33,12.72,73.48
1.94,1.22,90.92
3.21,9.89,26.94
14.74,11.44,52.01
11.00,12.95,84.34
9.26,6.29,0.48
0.19,1.51,90.57
0.47,14.51,10.76
4.53,9.51,93.59
5.83,13.57,35.53
17.49,6.63,64.19
17.90,11.70,90.34
9.86,6.96,74.83
1.88,3.79,90.15
3.55,13.19,10.92
0.22,4.03,90.19
8.02,12.11,68.20
19.43,5.40,2.49
7.98,6.15,32.90
4.83,10.45,10.20
4.97,4.37,90.67
2.08,9.10,36.77
3.86,8.43,14.69
9.94,12.78,79.72
7.02,5.41,69.78
9.63,13.51,83.87
3.93,10.40,10.57
0.49,8.81,97.51
7.46,6.30,2.70
8.80,8.04,52.41
17.69,9.73,33.76
4.76,10.86,10.42
15.30,12.54,90.91
0.89,8.01,42.60
2.14,13.25,10.95
1.53,3.86,90.63
0.09,12.62,10.61
15.51,3.90,90.54
9.06,3.15,34.74
10.56,4.15,99.34
2.98,3.27,90.60
3.39,12.40,10.97
13.85,4.80,45.80
16.22,3.00,10.73
2.86,14.76,10.97
12.23,1.96,21.08
11.54,3.41,30.96
11.36,7.69,18.49
14.03,12.97,23.13
8.24,12.12,56.07
3.11,7.15,54.57
8.38,2.33,90.42
18.29,6.61,48.36
1.55,0.38,90.15
18.92,8.85,58.05
7.39,14.20,57.78
14.92,8.95,69.44
1.35,10.85,10.53
14.65,3.94,88.31
1.35,0.34,90.48
15.90,2.13,10.82
7.74,11.49,62.34
1.09,9.69,8.79
8.42,8.50,33.44
7.93,12.09,51.61
14.17,10.38,72.92
16.66,3.09,10.92
7.85,12.80,78.20
5.17,14.64,53.29
18.97,3.17,90.36
13.71,6.24,9.64
15.32,8.26,78.19
2.85,0.15,90.66
5.80,8.19,55.73
2.45,0.03,90.78
9.92,11.25,22.14
18.08,6.27,2.67
7.66,9.74,92.57
9.02,0.56,3.70
7.83,0.83,91.70
7.89,13.52,73.61
0.45,12.98,10.63
9.33,9.93,43.87
4.36,11.74,10.97
4.19,14.06,10.97
15.23,6.30,76.05
12.90,8.93,42.55
19.75,5.05,44.64
5.98,4.77,4.30
7.76,9.40,80.95
17.70,7.87,94.94
3.36,0.50,90.17
13.14,13.89,1.99
8.50,4.88,65.85
4.03,2.62,90.41
15.87,1.34,10.02
18.93,6.34,53.64
19.36,0.40,90.93
0.66,4.64,90.52
9.00,7.31,71.48
0.51,14.33,10.45
6.85,12.35,94.50
6.91,13.09,58.37
7.02,13.87,18.74
8.49,5.85,32.62
16.32,7.44,90.95
17.64,1.79,10.75
8.15,7.40,49.92
14.36,14.25,51.47
4.93,6.64,37.15
17.28,9.95,93.59
3.13,8.67,3.90
6.74,3.31,65.44
6.21,13.38,29.93
11.92,4.54,16.22
10.98,4.71,8.79
17.03,11.82,90.84
16.61,12.13,90.86
19.26,0.51,10.27
16.81,5.27,25.01
5.03,10.24,43.32
1.16,2.08,90.97
3.42,5.30,67.42
19.15,12.94,90.68
17.71,3.47,90.43
7.30,2.95,54.89
9.92,0.51,18.32
14.61,14.10,87.25
19.63,1.05,90.66
18.00,8.23,22.80
4.25,2.99,90.43
3.29,3.61,90.00
7.65,1.88,81.15
6.93,3.29,44.82
18.87,2.32,90.27
2.02,11.97,10.55
5.23,13.80,3.07
5.38,9.83,8.17
4.94,1.35,90.14
14.64,12.21,90.40
3.38,6.35,71.34
19.76,3.99,90.06
6.93,13.07,14.57
6.97,4.60,43.54
6.23,4.62,55.79
18.38,1.96,10.73
9.51,14.84,3.95
16.68,3.74,90.30
6.58,9.07,10.91
6.07,1.21,49.21
17.93,10.20,90.97
14.47,12.58,71.09
15.49,4.77,10.86
5.78,5.59,80.58
6.52,9.14,46.57
10.43,6.26,59.39
13.50,3.91,74.56
12.81,13.63,58.60
2.96,5.38,5.65
8.04,0.06,87.28
1.27,4.61,90.63
5.67,12.28,22.96
6.59,11.95,4.02
8.45,10.73,70.52
10.76,7.89,76.28
1.50,4.48,90.89
10.74,13.55,88.47
9.65,14.94,67.32
2.31,0.33,90.88
6.72,2.05,73.11
18.89,0.38,90.91
0.09,8.96,56.47
7.76,3.40,53.71
4.69,6.02,24.01
14.18,14.56,60.03
14.52,6.50,29.37
4.88,10.78,10.16
17.08,10.81,90.12
10.83,3.36,5.76
6.99,9.02,17.03
11.09,10.35,58.55
17.62,6.13,3.01
4.12,11.46,10.19
2.96,3.34,90.63
12.08,6.31,19.16
14.66,12.29,11.38
4.41,8.85,16.27
17.22,0.49,90.67
12.57,9.95,6.04
2.26,13.39,10.06
14.27,6.29,28.52
16.76,13.60,90.33
11.01,5.96,17.71
2.94,6.86,44.48
18.99,8.94,18.11
1.23,1.72,90.48
5.05,1.96,50.11
3.88,13.42,10.42
3.67,1.59,90.53
19.63,13.63,91.00
18.67,4.54,10.58
8.45,2.04,25.19
11.92,13.55,75.83
14.33,1.03,23.17
3.71,13.36,10.05
3.23,5.41,48.06
4.06,5.06,4.40
2.63,9.30,31.48
5.29,10.80,57.31
0.12,2.26,90.43
2.19,14.73,10.98
18.38,11.27,90.88
10.07,14.07,51.99
4.80,6.94,4.60
18.91,14.44,90.21
0.65,6.86,21.71
0.80,8.43,2.22
19.87,11.25,90.65
3.72,14.56,10.68
5.51,2.71,46.47
5.65,4.69,45.92
7.00,6.57,12.19
0.86,13.84,10.37
8.13,4.74,3.54
9.80,11.95,28.76
16.23,4.75,90.77
3.02,0.02,90.33
7.39,8.69,18.69
12.25,12.99,61.06
12.66,0.62,77.40
8.76,5.53,27.26
5.96,8.03,22.81
3.49,0.27,90.55
1.26,0.20,90.07
14.48,6.38,51.34
11.17,9.93,36.61
9.97,14.00,11.63
14.92,5.14,98.38
5.39,4.43,89.91
19.45,4.37,10.37
7.73,0.43,68.43
2.06,3.15,90.57
5.85,1.72,27.06
6.56,14.73,14.78
12.12,0.96,2.39
12.63,4.18,26.45
5.51,1.15,80.76
16.96,3.75,10.22
4.47,4.64,90.84
18.19,12.16,90.68
0.43,2.86,90.85
9.76,4.88,3.12
9.40,7.91,18.49
19.93,2.72,10.25
18.85,2.22,10.08
13.55,5.36,32.13
16.59,0.13,90.17
5.02,0.12,99.60
10.72,5.67,41.67
5.08,6.64,13.07
1.25,4.48,90.77
1.00,4.39,90.55
4.67,14.88,10.23
14.99,13.83,62.95
15.84,1.66,10.40
7.98,11.85,86.52
4.08,8.45,76.26
5.48,6.81,60.40
15.22,13.46,90.33
0.47,12.20,10.85
14.98,14.06,16.97
10.36,2.22,13.11
3.46,13.58,10.32
10.30,3.60,60.13
12.50,6.18,4.19
16.57,3.77,90.55
16.02,6.29,82.44
8.70,13.01,14.05
10.39,10.14,97.84
10.07,8.24,51.39
19.78,10.11,90.15
1.19,11.95,10.96
1.98,1.42,90.85
19.65,3.42,10.06
17.90,10.39,90.82
14.80,10.28,92.81
9.57,11.07,55.89
18.54,11.09,90.06
16.68,1.32,90.25
5.32,0.41,97.71
16.01,14.27,90.80
7.35,11.70,18.58
9.07,12.50,32.78
19.34,13.29,90.81
15.11,12.93,90.01
4.06,6.57,59.01
18.19,0.32,10.67
0.50,2.97,90.50
17.16,11.17,90.75
9.51,0.13,63.31
11.44,13.89,21.45
18.25,11.13,90.60
4.98,5.21,68.18
18.15,4.36,10.50
12.38,5.53,32.83
0.45,2.17,90.45
15.70,11.53,90.41
8.75,8.37,43.25
14.55,5.65,15.49
10.89,1.13,94.23
11.05,11.69,66.77
14.92,1.58,3.29
3.83,2.40,90.84
7.21,13.10,7.48
19.85,11.80,90.62
2.35,2.46,90.38
19.38,3.77,90.34
1.71,6.41,98.98
15.26,2.67,90.21
3.62,12.85,10.55
14.90,10.18,26.29
3.01,6.72,66.61
8.49,3.28,1.20
0.09,1.30,90.18
1.49,7.57,31.91
12.78,0.82,38.06
0.89,9.64,18.28
2.95,3.78,90.02
14.35,13.11,38.97
13.78,13.69,57.62
12.91,10.81,68.44
6.56,7.65,76.87
13.04,4.85,99.39
4.23,14.08,10.08
0.20,6.25,86.73
9.72,8.01,0.97
4.81,9.23,86.38
15.34,5.79,82.17
6.41,6.94,6.59
1.55,1.38,90.37
5.79,11.98,41.51
9.50,5.64,15.47
14.67,8.30,25.41
11.74,3.99,37.80
13.52,1.20,39.43
18.75,5.14,71.31
14.50,3.80,90.60
6.74,1.05,62.38
0.03,5.65,21.82
11.43,7.00,70.24
6.54,5.16,62.46
15.04,3.07,90.03
10.35,8.67,73.34
8.76,14.70,56.03
10.40,13.51,26.88
13.20,13.47,59.37
15.67,3.30,10.95
18.96,7.48,21.91
8.89,8.88,4.51
17.76,12.41,90.75
15.14,9.05,5.55
7.03,0.64,28.71
17.40,14.80,90.54
15.29,4.64,10.44
19.30,2.61,10.80
0.62,6.49,92.89
18.99,4.63,90.10
7.11,1.02,96.91
8.88,12.51,39.68
12.54,13.63,60.26
13.56,6.10,68.07
18.14,8.45,43.48
3.13,11.21,10.19
17.73,8.34,71.18
9.23,13.19,9.31
15.21,11.74,90.21
9.71,14.42,5.33
17.13,0.40,10.03
10.75,4.26,10.47
17.04,5.34,87.22
3.19,0.84,90.49
3.88,0.56,90.15
15.96,9.29,89.76
3.88,4.82,90.56
9.72,2.93,0.45
3.86,9.13,97.16
16.56,14.95,90.41
0.47,0.39,90.08
11.69,13.73,87.70
19.44,6.87,20.67
11.80,9.30,90.11
13.44,3.30,82.12
3.24,13.35,10.42
19.19,12.82,90.05
4.17,6.77,24.49
14.70,3.92,26.04
12.03,10.00,30.67
16.18,7.62,81.92
12.84,7.39,99.21
16.27,7.45,95.35
2.23,2.25,90.15
9.45,12.88,11.14
0.67,13.15,10.71
13.71,5.86,54.40
9.06,11.61,44.10
0.44,5.44,71.08
6.03,14.99,38.98
6.84,6.69,3.25
9.76,10.99,24.57
16.36,0.88,90.89
11.14,2.94,14.85
6.65,7.13,63.47
11.39,2.63,51.71
7.25,14.90,88.00
0.26,9.93,89.75
10.44,11.78,2.97
16.85,3.02,10.23
3.07,4.24,90.12
7.36,9.74,77.72
9.78,9.62,53.11
15.84,8.03,20.24
16.25,10.84,90.87
0.66,9.87,82.78
18.81,11.30,90.97
2.70,10.15,10.76
12.90,3.97,91.45
4.36,12.25,10.88
11.73,6.85,76.01
6.90,4.40,13.15
3.52,6.86,39.35
14.15,5.05,52.61
17.42,1.43,10.07
16.10,8.61,17.33
7.73,11.92,25.49
15.14,3.90,90.82
10.21,1.51,40.31
9.43,11.23,87.69
12.61,5.57,65.74
17.01,3.87,10.85
12.26,3.57,15.21
10.98,6.13,29.63
2.95,7.27,86.94
11.22,14.90,82.23
5.67,9.14,70.74
8.65,2.32,10.28
14.06,10.57,51.90
2.60,13.32,10.07
0.16,1.20,90.22
9.87,14.49,24.24
14.70,11.60,90.09
10.63,14.19,8.86
14.41,7.45,36.39
3.06,0.30,90.86
0.27,13.65,10.23
18.44,6.84,63.78
1.17,6.46,64.26
7.04,9.50,63.84
3.45,7.69,96.23
3.24,7.47,86.75
6.11,11.20,94.46
1.29,3.43,90.81
7.51,4.42,36.63
1.85,14.33,10.87
6.13,10.23,41.50
2.92,8.38,11.15
7.59,10.79,49.53
0.05,3.93,90.62
3.83,9.95,33.22
2.09,3.34,90.88
6.98,14.71,18.05
15.57,13.46,90.12
10.43,6.96,58.42
3.83,3.30,90.15
3.36,9.31,24.24
2.08,5.97,54.46
0.52,11.45,10.23
7.94,0.53,24.62
18.49,1.50,10.42
4.09,9.41,51.43
0.17,9.80,72.91
1.63,2.49,90.51
6.28,3.98,46.21
15.34,2.35,10.49
16.17,13.44,90.24
0.37,14.38,10.18
10.66,5.62,22.05
14.81,12.03,97.00
15.96,11.83,90.38
0.01,13.41,10.90
19.65,8.48,60.82
16.64,12.52,90.15
10.10,3.43,41.15
11.79,9.52,15.94
5.83,1.37,25.88
14.07,6.30,11.37
17.67,4.35,10.34
12.52,9.46,5.95
1.63,13.93,10.14
18.29,8.42,69.60
12.73,12.68,9.52
18.60,10.85,90.54
7.25,1.25,4.10
12.24,12.77,98.28
7.57,3.53,30.24
3.41,4.64,90.59
0.80,6.82,80.67
13.91,5.11,60.82
18.86,2.56,10.71
6.31,4.39,76.80
8.90,6.54,97.53
11.20,12.81,30.13
17.32,13.66,90.95
10.86,13.56,49.31
10.37,2.05,67.12
13.11,3.09,99.70
7.54,6.14,36.92
19.17,9.48,25.26
8.44,6.38,56.87
19.75,1.26,10.04
14.42,9.31,37.01
4.14,6.02,30.28
18.64,1.19,10.51
8.11,6.03,1.93
0.86,1.55,90.64
10.68,0.41,39.33
0.88,14.71,10.56
15.86,12.87,90.66
19.93,14.53,90.94
4.61,10.33,10.14
16.16,11.64,90.59
6.40,10.54,69.17
17.14,3.30,90.96
1.97,0.32,90.32
3.41,11.53,10.20
11.34,2.84,34.51
16.00,14.67,90.09
6.54,10.29,82.27
0.75,12.68,10.40
3.64,11.82,10.99
10.56,13.64,15.36
8.52,11.58,55.66
11.78,5.58,16.63
12.07,5.30,29.77
19.21,5.24,37.84
13.99,11.38,43.37
9.42,10.26,11.67
1.34,6.39,82.02
8.43,3.91,72.22
17.33,14.87,90.58
19.37,6.95,36.90
4.84,10.04,10.95
14.02,12.75,50.63
9.01,0.23,51.51
12.10,10.98,65.10
8.23,10.69,74.11
14.62,13.14,8.11
8.77,0.55,92.05
12.18,13.61,49.04
7.34,3.10,32.78
7.35,2.89,80.97
13.30,11.61,95.63
16.15,3.72,90.11
12.99,1.64,83.94
9.98,2.95,39.53
9.73,2.82,40.09
10.64,11.16,85.92
13.33,0.39,41.44
5.57,12.34,25.35
11.56,9.28,35.96
0.69,2.52,90.07
9.56,7.73,67.68
8.85,11.87,11.97
3.20,1.60,90.94
10.61,11.58,20.64
3.76,11.83,10.90
10.60,9.38,48.01
16.71,9.20,72.87
6.30,2.90,82.68
19.54,3.65,90.48
19.04,10.80,90.64
17.87,0.61,90.69
19.96,3.97,90.36
16.07,5.47,66.20
3.31,8.04,33.66
3.93,6.04,21.07
9.96,12.66,99.82
10.08,11.96,33.10
1.39,13.65,10.63
17.99,14.95,90.74
13.79,1.00,22.21
8.17,9.47,7.58
17.67,14.38,90.28
7.70,3.56,5.72
0.43,6.88,18.19
9.94,12.98,93.70
11.05,8.79,3.78
5.00,2.60,90.22
17.27,8.62,68.58
9.74,14.10,43.65
10.49,14.85,9.91
1.24,12.94,10.34
10.06,4.24,19.45
16.64,2.71,10.85
12.22,11.77,41.87
18.93,7.73,11.57
5.01,3.39,58.01
7.36,10.43,78.85
19.17,11.36,90.13
9.19,9.82,81.84
3.67,7.12,10.80
3.29,4.67,90.74
16.67,4.90,10.65
15.01,6.86,68.00
19.96,10.47,90.68
19.06,2.29,10.67
2.13,1.74,90.75
5.81,8.18,74.52
16.89,4.27,10.65
14.96,0.56,76.66
5.41,10.85,8.77
8.66,9.19,93.21
10.71,13.39,60.57
12.34,6.91,84.71
17.32,5.06,68.21
13.01,9.76,55.99
9.34,11.02,29.70
17.71,5.54,76.16
0.95,2.95,90.48
17.39,10.24,90.98
2.60,1.02,90.56
11.56,7.12,16.51
8.24,14.85,89.53
4.70,5.05,53.62
6.82,3.49,95.90
12.11,13.62,96.78
1.26,4.08,90.60
18.31,4.52,10.50
4.02,4.90,90.29
18.01,10.34,91.00
8.92,7.61,81.15
18.68,8.97,18.02
16.68,14.46,90.06
19.04,3.60,90.43
4.99,10.10,10.01
6.49,1.71,42.45
9.94,2.94,5.35
8.51,7.76,81.83
10.96,8.57,31.83
11.19,11.72,69.16
16.59,0.37,10.71
9.26,14.44,33.67
7.47,6.81,17.44
5.39,1.13,54.03
1.11,4.20,90.21
16.11,12.00,90.21
13.17,7.22,24.76
1.15,10.74,10.32
9.86,13.55,74.72
14.62,1.71,81.64
9.86,8.78,57.09
12.95,5.48,17.52
11.95,6.33,88.43
5.97,7.08,30.40
18.42,13.72,90.53
7.90,14.24,27.48
2.50,5.04,32.74
16.58,0.06,90.30
19.74,8.00,6.24
5.46,1.04,41.40
16.30,13.27,90.35
13.01,3.34,88.13
4.48,4.00,90.40
0.62,2.52,90.23
7.47,10.39,6.25
19.28,5.21,62.42
13.38,7.33,89.26
15.52,11.17,90.87
15.66,11.48,90.85
0.87,8.19,12.61
3.39,6.81,24.97
5.85,10.36,1.48
11.32,9.02,44.82
4.01,13.81,10.34
4.84,9.09,64.16
19.73,5.38,36.40
5.00,8.92,48.27
4.25,13.49,10.47
7.61,2.45,54.22
19.97,3.16,90.18
7.18,14.79,58.05
7.64,8.23,49.30
14.18,13.44,57.80
4.20,1.64,90.73
1.80,12.46,10.95
12.59,2.12,38.39
15.13,5.41,75.32
15.95,10.82,90.78
15.16,6.26,85.02
1.00,7.20,6.26
5.89,12.59,59.39
9.88,14.79,4.92
14.94,3.34,64.53
8.16,2.83,90.46
2.60,3.31,90.50
17.61,6.21,73.32
1.37,7.84,73.82
9.62,8.02,20.75
9.11,13.19,69.90
6.80,0.68,37.70
9.93,12.57,39.44
14.25,12.18,9.33
16.19,12.34,90.42
16.97,1.06,10.82
7.12,5.64,28.06
13.68,1.42,66.83
6.95,0.13,71.60
4.16,11.49,10.11
17.55,4.15,90.37
10.78,14.26,44.08
8.83,9.31,68.35
3.31,3.96,90.85
10.18,4.04,69.31
3.00,4.92,90.47
14.04,8.31,28.25
6.65,8.49,82.91
6.21,2.50,28.72
9.79,2.86,48.41
0.14,6.04,71.53
12.00,9.23,46.11
7.00,0.97,82.49
8.78,12.03,60.40
10.32,6.20,16.21
4.26,6.99,76.25
9.00,7.81,81.14
13.71,14.97,61.34
11.69,13.07,95.00
17.04,3.47,90.72
7.53,3.89,31.86
13.33,12.37,5.12
1.22,5.02,0.12
4.63,3.32,90.97
12.64,0.57,93.46
13.38,10.31,4.57
11.98,9.99,4.49
5.26,1.41,53.93
19.21,9.23,10.61
6.52,12.04,68.73
9.57,6.28,39.62
17.97,13.44,90.77
6.43,0.81,58.09
14.87,14.92,69.54
14.61,13.93,18.64
16.56,12.19,90.93
1.78,13.76,10.97
11.91,4.03,40.13
1.22,12.36,10.94
12.36,8.23,64.72
9.28,8.36,48.96
10.90,14.64,68.46
3.20,12.43,10.53
5.57,5.50,19.45
16.21,6.57,11.11
3.32,3.15,90.62
0.57,5.02,73.75
5.02,9.75,48.49
9.82,6.38,79.72
11.66,11.46,36.33
16.59,11.97,90.57
4.85,10.64,10.93
15.36,1.10,10.34
1.34,12.16,10.89
15.83,14.67,90.98
19.32,7.74,4.41
3.68,11.09,10.46
11.19,10.26,24.31
3.35,13.32,10.96
4.67,14.91,10.33
17.47,5.69,4.06
2.25,4.66,90.33
2.02,7.81,19.79
3.57,0.45,90.13
11.35,7.91,88.15
0.80,0.15,90.62
1.60,8.57,24.31
3.42,12.23,10.94
6.65,0.82,73.41
13.43,10.95,70.46
12.04,3.24,94.06
18.21,1.00,90.49
19.97,5.96,43.17
2.27,11.81,10.53
16.00,5.92,70.09
13.64,10.38,63.57
17.37,12.90,90.42
4.62,2.15,90.10
12.78,0.10,39.06
11.75,12.07,39.96
5.67,0.83,11.62
12.71,10.68,83.29
0.37,5.75,95.41
9.89,6.53,3.79
11.84,4.52,16.82
17.89,6.41,86.64
11.19,12.82,44.39
18.72,5.64,64.28
13.95,11.59,24.16
1.24,6.08,79.02
14.64,12.54,20.65
1.25,8.08,35.70
7.13,0.75,24.32
18.26,0.26,10.75
12.07,14.10,1.90
16.64,6.78,31.03
4.78,8.97,71.76
7.33,2.62,15.47
0.14,10.55,10.11
5.36,0.98,11.72
17.86,12.24,90.44
5.62,8.82,54.86
1.43,3.36,90.94
8.56,1.65,85.75
2.74,9.86,7.30
12.20,0.12,16.83
2.98,13.02,10.62
10.34,6.56,46.64
6.41,11.39,56.81
4.42,8.26,29.62
10.05,2.29,4.71
15.89,8.67,53.12
11.88,5.70,68.43
19.87,3.33,10.83
3.66,12.24,10.11
11.44,14.55,71.51
3.80,7.96,12.57
0.07,0.48,90.63
2.18,11.89,10.50
9.09,7.46,10.00
11.24,7.61,47.34
9.69,0.79,28.39
15.20,14.63,90.52
5.37,0.16,39.40
5.34,3.63,41.33
14.05,13.55,28.16
17.29,10.31,90.03
3.54,7.50,43.77
14.13,13.37,12.62
17.62,11.82,90.29
13.44,11.87,46.78
3.62,5.19,6.21
2.83,11.75,10.18
4.49,3.26,90.94
17.83,5.97,46.02
18.99,5.98,54.01
4.79,8.89,98.70
3.16,4.73,90.38
3.25,3.40,90.15
17.55,5.75,51.49
2.31,7.03,81.44
12.12,11.72,15.96
1.02,3.18,90.37
0.24,8.95,91.99
4.28,13.76,10.50
1.78,7.43,43.46
17.56,0.43,90.24
1.92,12.15,10.18
19.76,11.32,90.27
13.08,13.66,76.33
12.17,2.41,92.27
1.92,7.04,40.64
6.26,11.92,30.93
15.05,2.29,10.22
11.48,4.38,91.40
3.94,6.43,91.59
5.11,12.54,67.23
8.48,7.96,16.57
12.68,10.53,18.35
18.24,1.43,90.05
10.28,4.46,68.04
15.91,1.89,90.27
10.99,11.27,32.76
13.70,8.20,59.53
3.10,3.80,90.68
10.25,0.25,1.26
6.26,11.60,11.25
2.33,12.05,10.02
19.97,8.19,79.69
5.07,4.04,75.26
11.39,12.39,35.47
10.86,5.00,51.37
6.86,9.66,26.90
16.31,3.51,90.13
10.31,1.85,8.22
4.65,2.01,90.07
14.79,11.07,23.43
0.07,7.79,21.61
8.49,10.19,75.42
12.00,3.59,70.58
18.66,10.96,90.80
7.63,0.41,90.38
7.25,4.45,67.70
9.88,13.35,90.19
1.51,7.10,22.34
7.13,12.20,93.40
17.18,0.56,90.03
10.46,9.42,41.11
1.04,14.74,10.96
8.09,0.98,95.59
5.46,7.68,10.23
19.47,13.39,90.95
19.01,12.82,90.79
0.45,3.58,91.00
4.79,4.20,90.70
15.67,13.18,90.06
18.17,11.10,90.31
18.19,8.71,54.87
0.44,14.67,10.24
3.32,13.65,10.08
3.35,3.86,90.86
18.15,13.64,90.94
2.60,7.81,2.23
14.87,13.30,88.24
16.81,13.93,90.29
14.30,7.94,86.76
8.37,6.82,79.58
6.79,5.34,45.15
9.44,11.67,68.27
7.19,12.84,5.10
18.37,8.50,29.25
0.82,13.43,10.89
15.29,12.76,90.72
12.88,8.78,92.63
19.32,9.30,70.88
12.74,5.00,54.64
16.51,13.87,90.32
6.81,14.61,95.14
16.49,10.69,90.69
6.06,12.14,93.76
8.99,9.91,23.67
3.81,1.46,90.38
16.30,12.79,90.27
3.77,9.38,35.38
1.70,8.23,17.94
19.64,6.54,86.35
9.53,12.72,58.53
16.61,12.54,90.06
12.11,11.95,75.39
7.91,11.98,69.26
13.94,9.26,40.79
16.85,14.37,90.34
10.39,3.46,28.82
19.89,8.02,86.09
2.98,9.14,69.92
12.33,9.41,51.25
14.89,5.82,11.93
6.53,9.92,24.00
7.43,2.64,85.25
16.28,3.23,90.42
1.93,8.06,62.24
11.29,0.39,9.43
2.40,3.43,90.65
0.41,6.07,56.53
3.40,10.75,10.37
10.96,3.31,81.82
18.68,11.17,90.13
9.67,0.34,29.49
6.93,2.68,62.78
19.75,9.52,68.16
2.29,12.08,10.29
14.78,5.74,9.63
2.88,5.28,19.71
5.31,3.01,89.30
8.48,5.04,78.74
1.21,12.67,10.43
11.78,9.64,90.27
12.72,14.02,28.36
3.11,8.36,85.55
14.30,14.12,23.00
11.64,4.76,0.10
7.85,8.92,80.28
3.83,13.26,10.55
2.06,1.27,90.02
16.87,12.05,90.05
3.66,9.29,74.99
12.15,1.15,45.48
14.88,11.51,63.34
15.56,13.74,90.82
17.19,6.38,57.15
1.33,11.31,10.57
10.36,2.28,59.37
15.20,2.77,90.38
12.61,13.53,68.69
16.72,9.52,15.56
12.95,14.38,45.33
2.98,5.61,26.82
0.83,6.90,88.65
19.87,10.66,90.19
19.91,13.67,90.45
10.53,8.42,1.97
7.48,1.81,13.20
0.84,14.55,10.45
17.68,4.60,10.04
1.56,14.16,10.04
16.05,12.76,90.97
18.19,12.06,90.02
17.06,4.79,10.42
19.15,6.65,41.57
16.19,11.36,90.79
11.25,14.79,24.79
10.30,10.41,33.24
7.53,14.09,21.08
15.59,0.38,90.51
2.38,14.93,10.78
15.43,12.55,90.95
8.57,3.20,45.35
5.62,5.76,19.30
1.83,14.89,10.44
0.59,3.77,90.02
19.35,14.95,90.86
1.90,13.64,10.65
0.43,11.67,10.56
12.29,4.77,4.63
8.63,5.77,95.27
16.73,4.67,90.86
5.86,7.35,44.14
8.86,10.39,59.00
16.81,1.22,10.25
8.39,4.06,68.23
3.81,4.17,90.15
14.57,7.54,69.45
7.34,7.51,53.00
5.78,13.15,55.14
1.52,1.88,90.25
14.31,1.34,86.78
13.25,11.11,76.80
6.52,14.09,42.63
5.26,8.03,8.64
18.82,2.93,10.29
3.36,0.62,90.30
9.75,6.66,3.60
7.28,8.85,94.97
16.13,10.09,90.86
15.70,5.72,87.27
4.66,1.14,90.48
1.03,10.33,10.42
17.46,14.78,90.54
9.17,13.65,10.47
8.10,1.37,90.58
11.76,0.68,3.59
11.05,9.41,73.75
4.52,9.30,97.00
1.05,0.62,90.75
15.02,14.75,90.25
16.55,15.00,90.39
8.59,0.43,71.12
16.44,9.21,15.86
2.30,1.08,90.29
14.99,8.04,91.12
4.44,1.44,90.44
4.52,11.53,10.42
19.93,10.71,90.34
2.26,0.45,90.92
15.05,10.00,90.22
10.42,14.36,86.00
13.58,8.79,84.08
9.26,6.54,5.07
2.45,12.01,10.98
10.53,11.43,39.73
6.51,4.40,90.49
19.09,11.10,90.37
0.48,7.57,58.17
4.49,0.64,90.51
0.19,5.68,87.29
18.45,0.54,90.89
14.68,14.09,27.31
14.69,5.75,35.98
9.04,14.41,32.73
2.75,7.71,45.93
0.99,8.27,11.02
13.73,7.80,23.75
11.36,13.68,41.20
3.92,10.81,10.78
1.53,4.39,90.67
0.86,11.46,10.41
6.36,11.25,83.36
19.94,13.87,90.44
15.83,0.44,90.24
16.69,6.91,1.90
2.92,14.69,10.89
3.76,10.90,10.20
17.17,1.16,10.77
13.23,4.69,42.51
8.89,12.40,29.99
1.11,8.79,84.05
9.54,4.45,43.03
11.22,5.17,97.29
12.62,12.41,31.52
9.51,12.15,41.66
7.13,13.75,30.01
13.10,0.10,40.28
14.46,14.06,53.55
11.80,13.06,79.06
12.61,13.51,7.51
15.38,12.89,90.97
4.11,14.79,10.81
18.75,4.79,90.61
16.46,11.47,90.18
17.47,4.33,90.12
12.76,4.07,67.94
5.02,9.77,30.50
10.00,0.48,0.01
4.76,5.40,71.02
1.07,8.35,63.36
0.19,14.40,10.85
1.97,2.26,90.07
7.98,10.66,30.76
18.98,0.15,10.75
6.94,3.56,14.21
19.46,3.14,10.85
6.18,8.83,87.84
13.20,9.89,86.78
1.06,2.44,90.04
12.96,9.52,35.88
6.48,6.53,48.51
17.21,14.70,90.39
15.04,12.83,90.11
7.60,2.70,77.43
15.05,1.47,10.39
7.93,2.95,5.17
14.60,12.75,9.56
3.49,9.81,3.89
4.07,3.07,90.71
17.26,6.64,97.20
7.08,8.88,85.80
15.38,1.48,10.47
12.15,0.74,69.22
4.68,1.12,90.59
6.48,14.94,9.76
1.97,7.83,5.37
19.56,5.23,99.03
8.00,6.13,69.76
13.98,6.87,4.48
13.88,14.22,92.79
5.65,2.83,52.33
3.36,0.68,90.61
10.33,4.81,66.83
18.98,3.11,90.73
12.88,4.46,71.97
1.60,11.46,10.89
13.59,2.36,60.30
15.91,2.28,10.81
1.41,14.26,10.64
19.79,8.00,44.64
3.83,4.12,90.36
1.87,12.38,10.49
10.85,0.24,99.09
12.48,3.96,67.76
11.73,10.69,59.47
6.73,13.66,78.54
7.49,2.69,58.56
10.59,4.28,81.52
10.07,1.22,25.61
1.31,3.32,90.02
18.52,14.89,90.70
17.33,12.83,90.35
2.25,8.01,43.04
9.10,6.01,62.94
7.12,12.65,26.68
16.46,0.09,90.55
11.90,2.68,11.61
0.48,10.74,10.53
1.01,2.86,90.11
18.85,12.28,90.03
17.21,14.43,90.86
4.87,8.45,18.48
18.03,10.76,90.05
0.15,10.34,10.61
6.86,7.47,66.59
6.04,12.33,81.51
12.87,2.08,58.66
14.03,13.49,13.02
12.43,12.76,60.59
4.53,9.50,84.58
5.17,12.30,48.09
2.38,13.22,10.23
12.30,1.73,82.78
15.87,5.97,35.78
9.67,6.82,13.67
5.71,5.37,43.61
7.87,7.31,71.49
7.00,0.94,23.45
2.70,7.05,78.02
13.66,1.21,87.63
8.20,6.23,22.00
18.92,0.39,10.79
10.69,14.03,79.04
4.14,14.74,10.11
15.34,5.49,73.18
13.48,3.13,24.10
12.81,11.65,15.27
12.84,7.26,85.88
1.81,8.95,39.24
9.34,4.35,11.31
3.94,14.70,10.72
6.43,8.02,25.95
2.47,10.43,10.31
11.89,12.62,60.48
13.46,0.04,89.50
9.63,3.05,39.21
8.11,14.99,96.01
9.57,9.05,50.21
15.38,14.40,90.99
10.88,5.42,83.75
2.61,6.35,10.46
10.11,2.24,80.04
10.25,13.92,94.73
0.26,5.42,93.37
10.75,11.55,16.16
16.32,4.79,10.12
2.12,8.57,99.07
2.37,14.13,10.07
17.08,8.49,30.46
15.45,12.24,90.00
6.46,9.43,68.72
7.37,9.22,96.65
8.72,0.38,72.96
7.33,11.32,68.85
3.84,2.27,90.69
19.17,8.45,32.03
6.16,0.49,2.41
14.12,12.67,8.82
14.94,2.93,30.90
0.27,2.56,90.91
16.68,14.92,90.75
1.59,12.06,10.26
12.67,9.20,51.17
16.02,6.49,5.23
10.66,12.52,6.14
11.66,12.70,50.01
4.48,7.55,7.14
17.34,7.37,20.21
6.90,10.87,10.40
14.36,0.47,86.25
10.43,10.44,72.86
4.36,12.38,10.56
1.97,6.58,66.78
19.67,13.39,90.89
14.48,8.33,35.27
1.11,12.42,10.60
1.05,12.18,10.02
16.27,12.85,90.73
18.35,8.99,7.45
6.07,5.25,38.42
0.73,4.44,90.32
12.95,13.92,78.52
14.02,2.24,36.85
16.17,13.30,90.94
18.62,12.38,90.45
4.68,10.33,10.40
10.53,8.22,65.94
4.68,8.13,22.90
19.14,12.25,90.57
14.97,2.29,48.94
0.61,10.75,10.04
10.57,13.27,38.61
4.74,6.58,48.68
16.90,1.16,90.70
4.70,8.92,17.95
7.07,7.77,66.11
17.97,14.87,90.98
5.63,12.58,66.74
14.06,13.02,57.36
0.76,9.98,70.00
13.86,13.91,73.58
0.22,5.63,0.80
15.68,11.73,90.36
8.71,3.13,13.14
10.41,7.06,48.45
14.23,2.46,29.79
18.77,6.33,94.77
3.65,12.36,10.29
18.53,9.51,31.20
7.31,11.81,46.90
14.54,4.80,49.38
18.24,8.79,41.53
14.93,4.96,47.04
9.95,10.74,46.65
14.02,13.63,7.82
13.83,3.91,67.82
12.11,0.97,69.77
15.50,7.96,31.31
2.15,12.36,10.67
1.04,3.58,90.96
5.74,12.43,70.80
5.27,12.00,20.80
5.47,4.08,82.19
19.08,3.26,90.32
8.24,13.11,50.53
15.53,11.03,90.30
13.96,1.89,38.40
17.53,5.69,70.75
10.89,13.11,93.28
11.51,14.81,11.65
16.02,3.92,10.25
6.67,10.49,45.66
18.67,8.23,46.15
19.41,6.26,24.62
4.19,13.86,10.37
1.73,7.10,20.81
2.15,0.51,90.16
0.45,12.56,10.01
4.88,5.65,10.28
13.13,14.09,39.51
14.31,0.65,90.77
10.59,11.63,5.39
0.97,1.03,90.92
18.80,13.51,90.57
12.23,7.74,66.32
13.77,11.96,99.79
4.88,12.50,10.57
19.62,13.96,90.32
16.03,4.17,10.00
17.99,0.49,10.23
7.77,0.66,55.34
7.30,5.87,71.12
14.50,5.45,17.02
1.63,12.52,10.53
6.91,10.84,62.97
11.93,14.78,72.77
4.33,0.02,90.75
11.77,4.32,10.34
14.69,11.24,7.03
4.69,2.79,90.14
3.53,0.27,90.58
7.00,1.34,52.75
4.93,11.39,10.41
4.73,5.44,90.42
13.06,10.60,14.56
16.68,4.73,90.76
19.37,12.90,90.47
3.86,14.82,10.00
8.57,0.68,50.72
13.63,5.01,41.64
2.42,3.01,90.58
6.58,6.88,48.89
16.99,5.97,22.07
3.53,4.49,90.18
6.41,9.28,2.23
7.71,10.44,96.46
3.35,10.06,10.89
10.80,6.46,77.36
5.01,10.37,84.00
7.63,8.36,54.99
8.61,4.40,10.25
6.22,3.92,39.57
5.80,5.96,82.87
0.18,4.70,90.39
17.74,9.34,7.28
14.59,4.30,4.99
3.86,8.72,92.67
3.74,9.75,57.78
11.28,14.84,39.53
5.27,14.58,30.91
7.38,3.20,66.68
16.99,11.96,90.91
9.07,9.85,56.14
19.12,13.09,90.96
2.80,4.68,90.96
17.95,2.45,10.58
11.13,14.65,70.48
6.79,0.72,34.18
15.94,9.27,87.95
18.78,7.65,67.19
18.43,5.45,8.54
0.37,11.25,10.38
13.70,4.51,1.94
7.46,4.32,89.58
10.76,11.65,50.68
4.84,1.35,90.39
17.90,10.16,90.19
6.21,12.64,84.02
7.12,1.96,47.94
0.98,10.53,10.62
11.94,4.19,20.52
14.55,12.14,82.70
0.62,0.52,90.06
14.06,11.89,36.01
19.84,7.13,3.67
16.14,14.18,90.46
9.46,13.40,31.59
15.11,14.01,90.64
4.55,12.79,10.88
0.89,9.29,92.18
19.10,13.14,90.63
10.72,6.09,99.68
7.75,0.85,29.56
17.14,1.44,10.87
18.86,12.67,90.75
15.07,4.38,10.55
3.66,14.64,10.28
2.39,4.78,90.13
7.44,3.53,82.82
0.29,14.19,10.60
13.55,5.36,4.19
7.48,6.95,47.81
14.23,6.28,22.43
0.32,10.88,10.43
17.26,2.48,11.00
16.50,7.68,37.68
13.80,2.72,8.29
16.41,1.10,10.90
6.63,12.51,61.84
1.28,6.25,15.82
7.15,2.27,41.27
6.68,7.31,71.65
1.24,14.05,10.54
0.23,4.96,90.68
13.33,12.05,94.70
13.96,1.75,95.14
14.43,1.97,88.02
16.75,5.21,67.63
13.41,9.20,64.15
15.12,1.03,90.43
6.45,9.12,68.01
8.58,3.84,95.35
10.18,11.28,91.79
3.27,9.32,18.80
16.82,5.49,94.72
17.93,7.22,65.06
19.26,7.87,2.98
4.48,13.03,10.52
10.05,14.84,75.50
4.76,14.56,10.67
13.30,13.46,23.67
17.40,8.35,32.97
13.80,7.54,33.77
16.05,1.36,90.37
16.93,13.99,90.77
13.45,10.18,76.41
17.29,1.83,10.49
4.96,0.67,90.70
9.33,8.37,68.22
1.60,9.61,65.33
15.84,4.58,10.86
8.24,7.04,6.92
12.32,11.47,89.04
17.61,11.66,90.52
1.30,6.08,81.25
3.87,4.62,90.58
1.80,14.45,10.85
7.20,9.81,59.60
10.00,8.99,59.65
16.07,2.97,10.92
3.57,0.65,90.48
3.82,12.85,10.36
12.11,2.05,79.43
17.61,4.06,90.08
13.63,3.20,53.20
8.88,8.40,64.82
14.68,4.19,50.26
6.98,4.26,62.95
9.74,7.73,22.08
15.46,0.58,90.46
8.07,14.38,36.36
18.56,5.54,9.58
5.38,5.41,52.56
9.94,4.80,54.52
16.30,3.47,10.19
9.48,14.97,75.83
10.85,3.17,62.75
15.59,2.56,10.31
6.26,0.20,60.61
18.33,14.60,90.20
16.46,2.24,90.69
17.46,12.35,90.70
6.80,4.05,38.60
18.37,14.64,90.82
14.61,3.80,2.62
16.08,14.31,90.00
11.04,10.21,18.52
4.50,12.32,10.45
7.86,11.78,85.91
12.37,0.21,52.28
14.15,8.68,65.88
13.35,9.62,44.70
4.34,4.85,90.95
19.31,2.05,90.67
17.58,11.02,90.90
7.71,8.44,36.07
7.77,5.74,96.14
12.68,11.07,69.05
1.25,7.66,22.04
16.18,4.30,90.70
0.53,1.93,90.53
9.70,13.94,42.34
4.78,13.20,10.09
6.41,4.56,34.01
6.20,3.64,41.45
2.60,3.73,90.20
3.48,0.96,90.66
12.55,10.08,86.37
18.72,10.73,90.50
8.41,12.06,13.64
4.09,11.54,10.73
15.04,13.26,90.33
0.93,10.58,10.61
5.14,9.76,14.22
13.43,10.85,95.75
0.30,14.32,10.58
10.67,3.61,58.05
16.43,9.05,35.95
2.97,13.90,10.20
18.54,4.35,10.12
0.39,13.04,10.12
8.53,14.65,28.30
19.99,10.54,90.25
19.59,14.16,90.62
12.09,8.48,24.37
5.52,5.27,10.68
2.27,12.66,10.27
12.58,4.08,78.62
1.97,5.31,32.48
7.25,7.50,35.71
11.54,2.24,59.34
2.73,1.39,90.95
15.50,5.45,66.21
6.93,14.17,80.38
17.48,2.46,10.43
10.28,14.86,55.83
4.97,13.41,10.00
2.69,3.81,90.31
2.75,9.14,94.52
16.78,14.00,90.20
19.65,4.90,90.11
9.43,12.96,65.08
10.67,11.53,20.60
16.01,10.75,90.51
3.66,10.22,10.27
2.90,4.63,90.92
9.25,10.32,36.78
12.74,2.05,59.21
19.23,8.88,70.84
5.97,6.29,16.03
11.86,1.51,10.68
8.39,4.66,82.56
8.80,3.18,3.46
7.21,4.02,47.73
14.88,0.41,16.59
15.90,14.60,90.38
12.25,8.81,4.37
5.04,1.53,74.28
3.56,13.04,10.85
0.98,8.16,77.60
5.32,0.81,99.55
5.26,4.87,69.17
18.57,3.92,10.43
2.66,12.15,10.93
2.44,8.72,96.52
1.62,10.12,10.49
15.62,1.77,10.08
17.59,0.70,90.35
8.34,13.20,47.01
12.19,13.78,80.67
10.51,8.35,99.37
15.46,0.21,90.16
2.54,9.62,56.12
0.68,7.31,38.92
19.97,3.17,90.77
5.34,7.53,37.86
17.46,3.75,10.48
6.05,8.81,26.24
5.16,14.03,6.37
18.71,9.68,48.93
0.36,4.43,90.19
16.51,8.18,76.73
18.53,3.88,10.37
11.16,3.34,18.45
16.70,8.23,82.41
14.00,7.31,96.09
15.69,7.44,50.69
0.64,14.98,10.63
9.60,14.43,84.76
11.47,4.47,83.77
9.93,2.01,16.45
19.26,3.41,90.81
14.34,12.86,99.67
11.66,5.29,42.28
1.33,5.02,82.17
11.77,7.33,72.18
9.02,1.71,19.86
9.07,7.74,67.73
0.73,5.28,61.72
12.70,11.26,70.23
8.66,9.69,9.15
13.54,3.01,33.25
13.91,13.64,70.11
14.39,7.98,49.79
8.74,14.73,29.53
5.91,8.21,43.92
8.09,6.59,96.28
15.05,0.08,10.30
17.85,7.79,55.05
8.51,1.24,99.84
1.27,2.97,90.79
19.71,2.18,10.66
11.33,2.31,43.91
18.65,14.02,90.33
15.87,8.17,69.95
6.66,11.83,52.57
12.81,5.08,71.01
3.62,12.51,10.24
16.86,5.04,69.28
14.43,7.22,85.72
14.22,0.78,20.32
9.96,12.30,50.78
10.33,14.22,72.35
14.58,0.77,75.83
3.18,12.17,10.31
10.47,5.99,54.20
19.68,3.44,10.07
16.94,6.72,80.50
1.05,0.28,90.17
7.08,1.43,28.72
9.74,4.65,29.39
3.15,8.42,20.10
9.99,4.14,77.43
15.43,6.25,90.34
15.64,11.79,90.39
3.89,10.97,10.81
11.17,5.04,60.50
19.01,0.97,10.82
16.40,0.50,90.25
8.16,2.76,32.87
2.50,3.11,90.76
6.29,1.09,80.82
10.66,5.39,93.70
8.38,11.35,69.16
4.98,14.92,10.62
19.79,9.14,1.60
7.26,5.14,73.08
9.61,6.53,93.31
8.91,10.05,29.69
6.89,2.16,97.21
6.46,14.49,73.59
3.17,9.06,5.79
5.98,13.70,43.80
16.36,11.08,90.26
2.18,3.04,90.54
9.78,5.51,39.71
12.88,14.93,15.44
11.10,9.08,79.72
4.80,9.67,79.43
4.12,2.86,90.89
13.15,6.12,49.81
9.71,6.66,96.74
4.45,5.98,79.90
5.23,0.57,13.03
11.12,14.04,61.70
12.88,11.00,20.19
16.64,0.07,10.28
4.16,3.22,90.75
6.12,13.52,69.44
13.11,0.99,0.56
18.22,1.85,90.83
0.32,7.26,22.24
11.62,12.62,27.69
14.40,12.74,70.77
18.62,0.74,10.80
0.85,5.85,79.51
9.01,14.12,54.96
5.86,11.87,68.63
6.91,5.60,24.68
16.95,6.69,11.86
10.02,7.71,23.11
5.71,13.52,12.79
12.85,14.28,37.12
2.84,13.64,10.97
3.00,0.28,90.89
18.99,6.57,15.94
19.98,11.02,90.11
6.46,10.01,92.43
10.00,3.25,1.31
1.76,4.86,90.66
13.45,4.15,1.34
6.98,14.71,79.36
5.88,11.05,6.20
14.37,8.97,98.25
5.33,4.66,89.43
15.60,5.61,39.20
13.72,8.87,97.45
14.53,5.62,18.32
10.43,7.21,77.03
10.58,2.19,16.62
17.22,4.61,90.27
7.66,4.79,52.56
12.87,2.64,10.07
2.32,13.21,10.08
0.98,13.33,10.59
5.84,6.52,94.22
15.11,0.32,90.80
17.28,14.37,90.23
4.32,0.52,90.61
6.44,8.51,97.77
8.49,3.86,86.36
9.43,2.32,30.62
4.27,9.81,22.81
10.05,10.11,71.90
5.08,6.51,73.30
1.63,13.48,10.12
11.39,6.88,58.78
6.28,0.36,53.63
8.60,8.82,15.67
18.60,1.16,90.10
6.01,1.94,52.74
17.37,5.57,92.05
15.66,1.04,90.71
13.95,3.11,97.96
2.67,14.66,10.82
8.75,2.38,50.59
19.61,1.43,90.48
4.20,4.28,90.86
17.41,0.08,10.91
19.19,14.93,90.80
4.96,14.98,10.17
18.70,4.22,10.51
0.23,14.69,10.86
9.46,6.01,55.16
14.85,5.71,31.16
10.25,3.73,11.16
14.88,13.98,17.61
17.58,7.84,58.76
5.45,9.59,66.80
0.93,13.51,10.88
15.73,6.28,74.67
0.90,13.24,10.11
1.67,10.14,10.06
14.07,13.00,56.62
19.14,10.93,90.04
1.78,10.60,10.51
16.34,5.76,28.70
4.27,1.71,90.83
19.39,6.18,33.07
8.59,13.79,28.25
12.91,10.56,28.73
16.27,9.74,54.97
10.67,5.59,2.86
3.56,4.32,90.88
17.36,13.49,90.49
1.79,12.21,10.24
1.42,14.32,10.34
14.13,2.41,73.48
9.46,9.98,75.60
4.47,5.58,80.03
5.90,1.82,43.41
18.59,3.66,90.52
4.73,6.89,24.20
2.18,2.55,90.84
19.50,10.98,90.06
18.94,14.99,90.91
16.68,0.87,10.56
4.70,6.94,44.50
1.04,3.02,90.41
14.42,7.28,96.77
12.33,1.72,70.74
11.76,8.45,52.58
8.06,2.50,57.33
13.42,10.12,46.42
1.14,5.81,74.82
5.04,9.15,9.76
8.28,2.60,50.46
17.04,10.45,90.41
15.18,0.53,10.60
10.12,0.51,39.63
11.75,12.36,72.52
16.45,10.41,90.33
16.45,2.68,90.62
7.97,10.20,39.88
15.65,7.95,0.43
8.80,10.39,60.22
12.57,13.54,96.01
13.04,10.70,81.07
10.26,11.43,68.70
11.73,5.08,14.17
14.36,12.87,25.04
0.17,4.89,90.17
3.15,3.74,90.51
0.86,8.87,61.56
9.85,12.59,32.87
9.15,10.91,92.07
12.47,13.61,30.21
17.35,9.78,92.40
7.68,3.56,17.32
7.86,6.45,5.53
0.03,12.76,10.79
10.24,1.78,86.71
18.31,1.24,90.48
13.61,3.21,43.61
4.20,5.11,27.77
1.13,9.42,74.62
17.47,8.41,97.77
13.41,0.37,37.64
10.02,10.04,8.74
0.66,13.19,10.24
19.99,4.00,10.93
15.59,5.24,5.88
12.38,12.26,61.36
18.47,1.34,90.57
17.23,5.86,75.90
13.21,3.99,36.54
6.19,13.81,23.40
4.75,10.83,10.37
14.73,7.43,66.06
7.94,12.41,85.97
12.20,7.22,26.90
13.41,9.85,94.38
5.87,6.08,80.17
3.25,8.63,76.78
13.55,0.72,4.29
14.57,12.93,52.83
8.32,11.92,73.81
11.11,7.00,57.94
10.86,11.99,68.25
11.75,10.18,11.09
0.46,3.07,90.49
6.61,8.40,8.19
